"time","open","high","low","close","volume"
2016-01-04,4.53,4.58,4.39,4.48,565140
2016-01-05,4.48,4.48,4.39,4.48,199480
2016-01-06,4.48,4.48,4.39,4.44,207470
2016-01-07,4.39,4.39,4.2,4.29,450650
2016-01-08,4.2,4.29,4.15,4.15,546490
2016-01-11,4.15,4.2,4.05,4.05,276240
2016-01-12,4.05,4.24,4.05,4.24,359480
2016-01-13,4.24,4.29,4.15,4.2,259160
2016-01-14,4.15,4.15,3.95,4.05,322110
2016-01-15,4.05,4.05,3.86,3.86,421960
2016-01-18,3.71,3.76,3.62,3.66,782670
2016-01-19,3.76,3.81,3.66,3.76,576630
2016-01-20,3.76,3.76,3.62,3.66,223530
2016-01-21,3.62,3.66,3.47,3.47,351350
2016-01-22,3.47,3.71,3.47,3.71,1051880
2016-01-25,3.81,3.95,3.81,3.95,482750
2016-01-26,3.86,3.95,3.76,3.91,394280
2016-01-27,3.91,4.05,3.91,4,321850
2016-01-28,3.95,4,3.86,3.91,306060
2016-01-29,3.91,3.95,3.86,3.91,276880
2016-02-01,3.95,4.15,3.95,4,340940
2016-02-02,3.95,4.05,3.95,4,221890
2016-02-03,3.95,4,3.91,3.95,172780
2016-02-04,4,4.05,3.95,4,131360
2016-02-05,3.95,4.05,3.91,3.95,222140
2016-02-15,3.95,4,3.91,3.95,170630
2016-02-16,4.05,4.15,4,4,1440430
2016-02-17,4,4.1,3.95,3.95,559450
2016-02-18,4,4,3.95,3.95,252280
2016-02-19,3.95,4,3.91,3.91,667480
2016-02-22,3.91,4,3.91,4,680200
2016-02-23,4,4.05,3.91,3.91,545540
2016-02-24,3.86,3.95,3.86,3.91,259800
2016-02-25,3.91,3.95,3.81,3.81,299840
2016-02-26,3.81,3.86,3.81,3.81,215150
2016-02-29,3.81,3.86,3.71,3.76,207500
2016-03-01,3.76,3.81,3.71,3.76,195900
2016-03-02,3.81,3.86,3.76,3.76,281400
2016-03-03,3.81,3.81,3.66,3.66,167380
2016-03-04,3.66,3.76,3.66,3.66,194770
2016-03-07,3.66,3.76,3.66,3.71,376360
2016-03-08,3.76,3.76,3.71,3.71,115760
2016-03-09,3.71,3.95,3.71,3.86,1031090
2016-03-10,3.86,3.91,3.81,3.91,207280
2016-03-11,3.86,3.91,3.81,3.86,256210
2016-03-14,3.86,3.91,3.76,3.81,369310
2016-03-15,3.81,3.86,3.76,3.76,312960
2016-03-16,3.76,3.86,3.76,3.76,237030
2016-03-17,3.81,3.86,3.76,3.76,433670
2016-03-18,3.81,3.81,3.71,3.76,338070
2016-03-21,3.81,3.81,3.71,3.71,238680
2016-03-22,3.71,3.71,3.62,3.66,491430
2016-03-23,3.71,3.71,3.62,3.66,701570
2016-03-24,3.71,3.76,3.66,3.71,539750
2016-03-25,3.66,3.71,3.62,3.66,188800
2016-03-28,3.66,3.71,3.62,3.66,314600
2016-03-29,3.66,3.66,3.52,3.57,490940
2016-03-30,3.57,3.62,3.47,3.57,455200
2016-03-31,3.57,3.62,3.47,3.47,426620
2016-04-01,3.47,3.52,3.38,3.42,339420
2016-04-04,3.42,3.62,3.42,3.62,815920
2016-04-05,3.62,3.66,3.57,3.57,176770
2016-04-06,3.62,3.62,3.52,3.57,168900
2016-04-07,3.62,3.66,3.57,3.62,356070
2016-04-08,3.62,3.66,3.57,3.66,421530
2016-04-11,3.66,3.91,3.66,3.81,764300
2016-04-12,3.81,3.86,3.71,3.71,486670
2016-04-13,3.76,3.86,3.71,3.76,682560
2016-04-14,3.76,3.91,3.76,3.81,780410
2016-04-15,3.86,3.95,3.81,3.81,1523240
2016-04-19,3.86,3.86,3.76,3.76,650070
2016-04-20,3.76,3.76,3.71,3.76,238300
2016-04-21,3.76,3.91,3.71,3.86,864080
2016-04-22,3.91,4.1,3.86,4.1,2761460
2016-04-25,4.24,4.29,4.15,4.24,2336410
2016-04-26,4.24,4.34,4.2,4.29,1204680
2016-04-27,4.29,4.34,4.15,4.15,1570480
2016-04-28,4.15,4.24,4.1,4.15,746480
2016-04-29,4.15,4.29,4.15,4.15,638640
2016-05-04,4.15,4.29,4.15,4.29,992870
2016-05-05,4.29,4.48,4.29,4.34,1038990
2016-05-06,4.34,4.39,4.24,4.34,1067830
2016-05-09,4.34,4.39,4.29,4.34,680210
2016-05-10,4.34,4.39,4.29,4.34,744240
2016-05-11,4.29,4.39,4.29,4.34,692140
2016-05-12,4.39,4.39,4.34,4.34,406960
2016-05-13,4.34,4.34,4.29,4.29,375180
2016-05-16,4.24,4.34,4.24,4.29,328940
2016-05-17,4.34,4.58,4.24,4.48,1262390
2016-05-18,4.48,4.53,4.39,4.44,388590
2016-05-19,4.39,4.63,4.39,4.53,1067780
2016-05-20,4.53,4.58,4.44,4.53,358470
2016-05-23,4.53,4.53,4.44,4.48,258740
2016-05-24,4.44,4.53,4.39,4.39,525410
2016-05-25,4.34,4.39,4.29,4.34,590620
2016-05-26,4.34,4.34,4.24,4.34,859670
2016-05-27,4.29,4.39,4.29,4.34,523800
2016-05-30,4.44,4.53,4.39,4.53,725850
2016-05-31,4.53,4.63,4.53,4.58,871310
2016-06-01,4.58,4.58,4.48,4.53,330350
2016-06-02,4.48,4.58,4.48,4.58,1024510
2016-06-03,4.58,4.63,4.44,4.44,338710
2016-06-06,4.44,4.53,4.44,4.48,515370
2016-06-07,4.72,4.72,4.51,4.61,761700
2016-06-08,4.61,4.67,4.56,4.61,412880
2016-06-09,4.56,4.93,4.51,4.77,1037540
2016-06-10,4.77,4.77,4.67,4.67,244390
2016-06-13,4.67,4.67,4.61,4.61,327670
2016-06-14,4.61,4.72,4.61,4.61,203560
2016-06-15,4.61,4.72,4.61,4.67,454490
2016-06-16,4.67,4.72,4.61,4.61,852320
2016-06-17,4.61,4.67,4.51,4.61,601680
2016-06-20,4.56,4.67,4.56,4.61,177070
2016-06-21,4.61,4.61,4.56,4.56,146060
2016-06-22,4.56,4.56,4.51,4.56,422270
2016-06-23,4.51,4.61,4.51,4.51,333180
2016-06-24,4.51,4.51,4.2,4.35,772180
2016-06-27,4.35,4.35,4.2,4.3,408360
2016-06-28,4.25,4.35,4.25,4.35,325770
2016-06-29,4.35,4.46,4.35,4.41,272420
2016-06-30,4.46,4.46,4.3,4.3,345080
2016-07-01,4.3,4.35,4.25,4.35,147420
2016-07-04,4.35,4.35,4.2,4.3,1512820
2016-07-05,4.35,4.56,4.3,4.51,1380050
2016-07-06,4.46,4.61,4.41,4.61,330890
2016-07-07,4.61,4.67,4.56,4.61,976650
2016-07-08,4.67,4.87,4.67,4.82,1772870
2016-07-11,4.82,4.87,4.56,4.61,604450
2016-07-12,4.67,4.77,4.51,4.77,968850
2016-07-13,4.77,4.82,4.67,4.82,1125540
2016-07-14,4.77,4.82,4.67,4.67,421400
2016-07-15,4.67,4.67,4.56,4.61,374550
2016-07-18,4.61,4.67,4.56,4.67,109650
2016-07-19,4.67,4.67,4.51,4.67,491700
2016-07-20,4.67,4.67,4.46,4.56,254770
2016-07-21,4.61,4.61,4.46,4.46,195880
2016-07-22,4.46,4.56,4.41,4.56,650140
2016-07-25,4.56,4.67,4.51,4.67,665720
2016-07-26,4.67,4.67,4.56,4.67,246920
2016-07-27,4.67,4.67,4.51,4.51,78650
2016-07-28,4.51,4.51,4.46,4.51,121680
2016-07-29,4.51,4.56,4.46,4.51,124720
2016-08-01,4.51,4.51,4.35,4.35,364110
2016-08-02,4.25,4.25,4.1,4.15,1198630
2016-08-03,4.1,4.15,4.04,4.1,329350
2016-08-04,4.04,4.2,4.04,4.2,257080
2016-08-05,4.1,4.15,3.94,3.94,676030
2016-08-08,3.73,3.89,3.73,3.73,495720
2016-08-09,3.68,3.78,3.63,3.73,348470
2016-08-10,3.68,3.94,3.68,3.78,572450
2016-08-11,3.78,3.99,3.78,3.99,252060
2016-08-12,3.99,4.04,3.89,3.94,178000
2016-08-15,3.94,3.94,3.84,3.94,122040
2016-08-16,3.89,3.99,3.89,3.99,375600
2016-08-17,3.99,4.04,3.99,3.99,145260
2016-08-18,3.94,3.99,3.89,3.99,132560
2016-08-19,3.94,3.99,3.89,3.94,81290
2016-08-22,3.94,3.94,3.84,3.84,316140
2016-08-23,3.89,3.99,3.84,3.99,122280
2016-08-24,3.89,3.94,3.89,3.89,41080
2016-08-25,3.89,3.89,3.84,3.89,102720
2016-08-26,3.89,3.94,3.84,3.89,162160
2016-08-29,3.89,3.94,3.78,3.89,219690
2016-08-30,3.84,3.89,3.78,3.89,94810
2016-08-31,3.89,3.99,3.89,3.99,384930
2016-09-01,3.99,3.99,3.94,3.99,106660
2016-09-05,3.94,3.94,3.89,3.89,239170
2016-09-06,3.94,3.99,3.89,3.94,151020
2016-09-07,3.94,3.94,3.89,3.94,126490
2016-09-08,3.94,3.99,3.89,3.99,182860
2016-09-09,3.94,3.99,3.94,3.99,71450
2016-09-12,3.9,3.99,3.9,3.94,81770
2016-09-13,3.94,3.94,3.68,3.78,126030
2016-09-14,3.78,3.88,3.78,3.78,196370
2016-09-15,3.78,3.84,3.73,3.74,131640
2016-09-16,3.73,3.78,3.72,3.78,52570
2016-09-19,3.8,3.8,3.62,3.63,294070
2016-09-20,3.68,3.7,3.66,3.68,55290
2016-09-21,3.76,3.76,3.69,3.73,167840
2016-09-22,3.78,3.78,3.69,3.73,124080
2016-09-23,3.69,3.72,3.69,3.72,106550
2016-09-26,3.68,3.73,3.66,3.66,84340
2016-09-27,3.73,3.73,3.6,3.63,171540
2016-09-28,3.58,3.68,3.58,3.66,161660
2016-09-29,3.63,3.65,3.63,3.64,110180
2016-09-30,3.66,3.69,3.64,3.69,87350
2016-10-03,3.7,3.72,3.69,3.7,38760
2016-10-04,3.7,3.73,3.64,3.7,142750
2016-10-05,3.65,3.7,3.64,3.7,92880
2016-10-06,3.65,3.7,3.64,3.64,44170
2016-10-07,3.66,3.69,3.63,3.67,148940
2016-10-10,3.66,3.73,3.66,3.68,82340
2016-10-11,3.66,3.69,3.65,3.68,117220
2016-10-12,3.71,3.89,3.65,3.89,528430
2016-10-13,3.74,3.89,3.74,3.88,130100
2016-10-14,3.88,3.89,3.84,3.88,196630
2016-10-17,3.88,3.88,3.81,3.84,164290
2016-10-18,3.89,3.99,3.81,3.84,174120
2016-10-19,3.84,3.87,3.83,3.83,151900
2016-10-20,3.87,3.87,3.79,3.83,82240
2016-10-21,3.78,3.85,3.78,3.84,114690
2016-10-24,3.84,3.84,3.81,3.81,76620
2016-10-25,3.79,3.86,3.79,3.84,126450
2016-10-26,3.85,3.86,3.73,3.81,114540
2016-10-27,3.73,3.83,3.73,3.81,28530
2016-10-28,3.81,3.84,3.81,3.84,129270
2016-10-31,3.86,3.92,3.84,3.92,204010
2016-11-01,3.84,3.93,3.78,3.91,85720
2016-11-02,3.9,3.9,3.86,3.88,33470
2016-11-03,3.73,3.87,3.73,3.87,92610
2016-11-04,3.87,3.89,3.84,3.84,39580
2016-11-07,3.81,3.81,3.73,3.73,248250
2016-11-08,3.73,3.83,3.72,3.83,147030
2016-11-09,3.78,3.84,3.58,3.77,174830
2016-11-10,3.81,3.86,3.76,3.86,536230
2016-11-11,3.88,3.88,3.83,3.86,161200
2016-11-14,3.88,3.88,3.84,3.86,212830
2016-11-15,3.88,3.9,3.87,3.89,412530
2016-11-16,3.94,4.16,3.89,4.16,1556280
2016-11-17,4.25,4.3,4.2,4.26,559390
2016-11-18,4.26,4.27,4.18,4.26,407330
2016-11-21,4.25,4.25,4.17,4.25,439760
2016-11-22,4.17,4.25,4.16,4.22,230670
2016-11-23,4.25,4.25,4.07,4.07,438920
2016-11-24,4,4.08,3.89,3.94,512950
2016-11-25,3.94,3.96,3.9,3.95,384040
2016-11-28,4.1,4.15,3.94,3.99,308980
2016-11-29,4.06,4.06,3.99,4.01,270720
2016-11-30,4.02,4.09,4.01,4.07,242890
2016-12-01,4.09,4.12,4.07,4.1,387070
2016-12-02,4.12,4.12,3.97,4.05,141070
2016-12-05,4.09,4.09,3.99,4.04,101520
2016-12-06,3.99,4.06,3.95,4.04,142300
2016-12-07,4.04,4.04,3.95,4,16650
2016-12-08,3.95,4.02,3.79,3.99,55230
2016-12-09,3.83,4.01,3.83,3.94,54070
2016-12-12,3.81,3.89,3.69,3.69,265690
2016-12-13,3.73,3.77,3.69,3.69,380640
2016-12-14,3.63,3.8,3.63,3.68,130690
2016-12-15,3.66,3.8,3.66,3.76,112850
2016-12-16,3.78,3.82,3.78,3.8,139580
2016-12-19,3.89,3.96,3.8,3.94,133650
2016-12-20,3.94,4.1,3.94,4.04,452420
2016-12-21,4.05,4.11,3.99,4.09,163760
2016-12-22,4.02,4.09,3.92,4.05,278670
2016-12-23,4.08,4.08,3.99,4.02,114560
2016-12-26,4.04,4.04,3.95,3.99,105970
2016-12-27,3.99,4.01,3.97,3.99,145850
2016-12-28,4.04,4.04,3.94,3.99,198560
2016-12-29,4.04,4.04,3.94,3.99,140770
2016-12-30,4.02,4.03,3.95,3.97,116000
2017-01-03,3.95,3.99,3.95,3.97,30290
2017-01-04,3.95,3.99,3.92,3.99,168920
2017-01-05,4.03,4.07,4,4.01,183040
2017-01-06,4.06,4.06,4.04,4.06,141470
2017-01-09,4.06,4.15,4.05,4.15,235220
2017-01-10,4.2,4.2,4.07,4.15,259830
2017-01-11,4.14,4.14,4.08,4.12,126280
2017-01-12,4.1,4.1,4.04,4.09,223070
2017-01-13,4.08,4.1,4.04,4.1,119850
2017-01-16,4.06,4.1,4.03,4.09,96420
2017-01-17,4.1,4.1,3.97,4.09,159730
2017-01-18,4.13,4.13,3.98,4.08,248880
2017-01-19,3.99,4.08,3.99,4.08,76520
2017-01-20,4.07,4.08,4.02,4.07,207190
2017-01-23,4.09,4.1,4.04,4.07,24310
2017-01-24,4.09,4.09,3.92,3.92,173420
2017-01-25,4.08,4.08,3.96,4.01,157960
2017-02-02,4.1,4.1,3.97,3.99,81060
2017-02-03,3.99,3.99,3.95,3.95,147100
2017-02-06,3.94,3.99,3.9,3.99,85270
2017-02-07,4.04,4.04,3.89,3.91,232490
2017-02-08,3.89,3.97,3.89,3.89,188110
2017-02-09,3.92,3.94,3.89,3.91,452890
2017-02-10,3.96,3.99,3.9,3.93,358120
2017-02-13,3.94,3.96,3.92,3.94,206340
2017-02-14,3.98,4.21,3.95,4.1,1003040
2017-02-15,4.13,4.2,4.07,4.1,1519760
2017-02-16,4.16,4.16,4.06,4.06,455380
2017-02-17,4.06,4.07,4.02,4.06,227780
2017-02-20,4.06,4.3,4.06,4.24,1199190
2017-02-21,4.25,4.35,4.23,4.28,1089290
2017-02-22,4.28,4.48,4.25,4.39,1611110
2017-02-23,4.41,4.43,4.32,4.34,784130
2017-02-24,4.37,4.4,4.34,4.34,572630
2017-02-27,4.34,4.47,4.28,4.41,1338310
2017-02-28,4.46,4.51,4.4,4.41,1082260
2017-03-01,4.43,4.43,4.34,4.35,532280
2017-03-02,4.41,4.54,4.35,4.53,1506840
2017-03-03,4.53,4.54,4.48,4.52,700920
2017-03-06,4.52,4.69,4.51,4.67,1888160
2017-03-07,4.64,4.73,4.64,4.67,2691360
2017-03-08,4.67,4.69,4.62,4.62,702390
2017-03-09,4.62,4.62,4.53,4.56,760290
2017-03-10,4.56,4.6,4.49,4.49,1525980
2017-03-13,4.46,4.61,4.46,4.6,580760
2017-03-14,4.56,4.63,4.46,4.55,306150
2017-03-15,4.56,4.59,4.55,4.55,457700
2017-03-16,4.56,4.63,4.56,4.61,546880
2017-03-17,4.64,4.94,4.64,4.91,2848320
2017-03-20,5.03,5.03,4.93,4.95,1004780
2017-03-21,4.95,5.03,4.88,4.95,945050
2017-03-22,4.93,4.93,4.72,4.72,1362200
2017-03-23,4.67,4.77,4.64,4.73,601690
2017-03-24,4.73,4.79,4.69,4.72,283630
2017-03-27,4.73,4.74,4.67,4.67,646360
2017-03-28,4.72,4.72,4.49,4.59,660150
2017-03-29,4.65,4.65,4.56,4.56,234240
2017-03-30,4.59,4.61,4.57,4.57,308740
2017-03-31,4.57,4.59,4.49,4.49,238610
2017-04-03,4.49,4.74,4.46,4.57,745340
2017-04-04,4.66,4.66,4.55,4.57,321000
2017-04-05,4.43,4.58,4.43,4.56,660570
2017-04-07,4.5,4.56,4.48,4.56,255760
2017-04-10,4.56,4.63,4.52,4.52,173210
2017-04-11,4.52,4.81,4.52,4.72,1231180
2017-04-12,4.76,4.81,4.67,4.72,875660
2017-04-13,4.74,4.88,4.69,4.79,1513890
2017-04-14,4.72,4.8,4.67,4.77,790280
2017-04-17,4.86,4.87,4.72,4.72,789300
2017-04-18,4.69,4.73,4.62,4.72,706160
2017-04-19,4.77,4.77,4.67,4.67,565850
2017-04-20,4.67,4.99,4.67,4.91,2472230
2017-04-21,4.91,5.03,4.82,5.03,836010
2017-04-24,5.05,5.34,5.03,5.18,2535500
2017-04-25,5.26,5.26,5.05,5.05,926170
2017-04-26,5.08,5.39,5.08,5.39,2637850
2017-04-27,5.47,5.7,5.42,5.42,2623380
2017-04-28,5.42,5.6,5.39,5.52,1440440
2017-05-03,5.29,5.42,5.21,5.34,2731200
2017-05-04,5.39,5.7,5.39,5.7,3670330
2017-05-05,5.86,6.09,5.81,6.07,2526850
2017-05-08,6.12,6.45,6.07,6.09,2968680
2017-05-09,6.12,6.33,5.91,6.25,2004060
2017-05-10,6.35,6.35,5.86,5.86,2835480
2017-05-11,5.86,6.12,5.86,5.99,2172790
2017-05-12,6.01,6.22,5.99,6.09,1095000
2017-05-15,6.09,6.51,6.09,6.43,2407350
2017-05-16,6.48,6.48,6.12,6.14,2337240
2017-05-17,6.07,6.33,5.99,6.2,1786200
2017-05-18,6.04,6.2,5.99,6.07,1737520
2017-05-19,6.07,6.12,5.91,5.99,1095600
2017-05-22,5.94,6.2,5.91,5.91,1459860
2017-05-23,5.91,5.96,5.78,5.91,2089760
2017-05-24,6.04,6.04,5.86,5.96,822310
2017-05-25,5.96,6.2,5.96,6.09,1154370
2017-05-26,6.09,6.17,6.01,6.04,579450
2017-05-29,5.99,6.45,5.88,6.45,2593710
2017-05-30,6.64,6.9,6.48,6.66,4735300
2017-05-31,6.64,6.84,6.48,6.64,1652800
2017-06-01,6.53,6.69,6.48,6.58,1213430
2017-06-02,6.64,7,6.58,6.92,3439410
2017-06-05,7.02,7.02,6.79,6.9,1147360
2017-06-06,7,7.1,6.82,6.95,1518340
2017-06-07,7.05,7.18,6.95,7.13,1624940
2017-06-08,7.21,7.6,7.08,7.52,2733520
2017-06-09,7.52,7.78,7.21,7.36,1702090
2017-06-12,7.26,7.57,7.21,7.47,1406770
2017-06-13,7.41,7.65,7.41,7.57,1500650
2017-06-14,7.57,7.62,7.39,7.44,932700
2017-06-15,7.44,7.44,7.15,7.34,1835230
2017-06-16,7.34,7.41,7.28,7.36,615110
2017-06-19,7.36,7.44,7.36,7.41,603030
2017-06-20,7.57,7.72,7.49,7.57,1399600
2017-06-21,7.57,7.57,7.31,7.39,830660
2017-06-22,7.39,7.52,7.28,7.31,1503510
2017-06-23,7.28,7.57,7.21,7.39,1099470
2017-06-26,7.39,7.47,7.31,7.34,753190
2017-06-27,7.34,7.62,7.31,7.44,1078330
2017-06-28,7.41,7.62,7.41,7.57,1500070
2017-06-29,7.78,8.09,7.72,8.09,2896350
2017-06-30,8.14,8.27,7.96,8.09,954150
2017-07-03,7.98,8.22,7.96,8.19,742790
2017-07-04,8.09,8.14,7.98,8.11,965770
2017-07-05,8.09,8.35,7.98,8.17,958830
2017-07-06,8.19,8.35,8.17,8.27,871840
2017-07-07,8.27,8.27,7.78,7.98,1352550
2017-07-10,7.93,8.04,7.67,8.04,1616450
2017-07-11,8.04,8.11,7.78,7.98,750280
2017-07-12,8.04,8.04,7.78,7.8,1480160
2017-07-13,7.78,7.96,7.75,7.83,948680
2017-07-14,7.83,7.88,7.78,7.8,675710
2017-07-17,7.72,8.01,7.72,7.88,1099050
2017-07-18,7.83,7.96,7.83,7.88,712930
2017-07-19,7.83,7.93,7.78,7.85,506130
2017-07-20,7.85,7.85,7.78,7.8,583580
2017-07-21,7.78,7.8,7.36,7.47,1504430
2017-07-24,7.26,7.52,7.21,7.39,646330
2017-07-25,7.28,7.72,7.28,7.72,564060
2017-07-26,7.72,7.93,7.7,7.8,437520
2017-07-27,7.83,7.88,7.7,7.78,552690
2017-07-28,7.67,7.98,7.57,7.88,822190
2017-07-31,7.93,7.93,7.78,7.78,676320
2017-08-01,7.78,7.83,7.75,7.78,482350
2017-08-02,7.78,7.88,7.62,7.83,402680
2017-08-03,7.78,7.85,7.72,7.83,424790
2017-08-04,7.78,8.19,7.78,8.09,1652000
2017-08-07,8.09,8.63,8.09,8.58,2953490
2017-08-08,8.58,8.58,8.24,8.45,674940
2017-08-09,8.3,8.4,7.98,8.04,1990020
2017-08-10,8.04,8.11,7.96,8.11,501750
2017-08-11,8.11,8.24,8.01,8.14,499420
2017-08-14,8.14,8.63,8.14,8.63,1784290
2017-08-15,8.66,8.74,8.3,8.3,1602260
2017-08-16,8.3,8.42,8.11,8.3,1196400
2017-08-17,8.35,8.48,8.14,8.19,955810
2017-08-18,8.17,8.35,8.17,8.19,665860
2017-08-21,8.19,8.35,8.17,8.19,798700
2017-08-22,8.19,8.27,8.04,8.09,1004930
2017-08-23,8.09,8.17,7.98,7.98,706540
2017-08-24,7.98,8.09,7.91,7.98,926120
2017-08-25,8.01,8.17,7.93,8.06,795690
2017-08-28,8.06,8.42,7.98,8.24,1115320
2017-08-29,8.24,8.3,8.17,8.24,636110
2017-08-30,8.19,8.24,8.09,8.09,565140
2017-08-31,8.04,8.11,8.04,8.09,706260
2017-09-01,8.09,8.3,8.09,8.3,914480
2017-09-05,8.3,8.3,8.14,8.19,437660
2017-09-06,8.19,8.19,8.14,8.19,619440
2017-09-07,8.11,8.19,8.09,8.09,550790
2017-09-08,8.09,8.19,8.01,8.14,312750
2017-09-11,8.04,8.19,8.01,8.09,404070
2017-09-12,8.01,8.14,7.85,8.04,897110
2017-09-13,8.04,8.11,7.98,8.04,220030
2017-09-14,8.04,8.14,8.04,8.06,440730
2017-09-15,8.04,8.09,8.04,8.06,382070
2017-09-18,8.09,8.3,8.04,8.24,1051200
2017-09-19,8.19,8.27,8.14,8.14,350720
2017-09-20,8.17,8.24,8.14,8.24,261180
2017-09-21,8.3,8.3,8.14,8.19,225880
2017-09-22,8.14,8.24,8.14,8.24,405860
2017-09-25,8.24,8.63,8.22,8.37,4261670
2017-09-26,8.37,8.5,8.3,8.37,1090640
2017-09-27,8.37,8.5,8.22,8.22,1319450
2017-09-28,8.19,8.3,8.14,8.22,1360300
2017-09-29,8.22,8.27,8.19,8.24,641690
2017-10-02,8.24,8.35,8.14,8.19,725520
2017-10-03,8.19,8.19,8.09,8.19,888800
2017-10-04,8.11,8.24,8.11,8.19,285780
2017-10-05,8.19,8.45,8.19,8.27,1988370
2017-10-06,8.3,8.35,8.22,8.27,356420
2017-10-09,8.27,8.35,8.27,8.35,632570
2017-10-10,8.32,8.66,8.24,8.55,1939760
2017-10-11,8.55,8.68,8.48,8.53,1272710
2017-10-12,8.53,8.55,8.37,8.37,793070
2017-10-13,8.4,8.45,8.3,8.4,718010
2017-10-16,8.45,8.58,8.4,8.45,987170
2017-10-17,8.5,8.55,8.48,8.5,1388540
2017-10-18,8.48,8.53,8.3,8.3,2053000
2017-10-19,8.3,8.4,8.22,8.35,943150
2017-10-20,8.4,8.5,8.35,8.4,644230
2017-10-23,8.4,8.4,8.27,8.3,949850
2017-10-24,8.3,8.4,8.3,8.37,549430
2017-10-25,8.37,8.42,8.35,8.37,596930
2017-10-26,8.37,8.42,8.32,8.35,463010
2017-10-27,8.32,8.42,8.32,8.42,624830
2017-10-30,8.58,8.58,8.4,8.42,601700
2017-10-31,8.42,8.48,8.37,8.42,243740
2017-11-01,8.42,8.48,8.37,8.37,328670
2017-11-02,8.37,8.37,7.81,7.81,3136080
2017-11-03,7.86,8.1,7.57,8.05,1964510
2017-11-06,8.05,8.1,7.92,7.94,419550
2017-11-07,7.89,8,7.81,8,589310
2017-11-08,7.89,8.1,7.86,8.1,430270
2017-11-09,8.1,8.64,8.08,8.53,3001240
2017-11-10,8.53,9.06,8.48,8.82,3067560
2017-11-13,8.96,9.12,8.77,8.88,2386740
2017-11-14,8.9,9.22,8.8,8.93,4131680
2017-11-15,9.06,9.28,8.53,8.53,7966760
2017-11-16,8.64,8.9,8.58,8.9,3166560
2017-11-17,9.04,9.04,8.66,8.69,2052980
2017-11-20,8.8,8.8,8.58,8.66,1671410
2017-11-21,8.66,8.96,8.66,8.85,4356870
2017-11-22,8.8,9.17,8.8,9.06,4819290
2017-11-23,9.17,9.6,9.06,9.2,6213470
2017-11-24,9.3,9.49,9.22,9.38,6583430
2017-11-27,9.81,10.02,9.6,9.6,4936910
2017-11-28,9.7,10.26,9.44,10.26,128443910
2017-11-29,10.64,10.96,10.29,10.96,6369270
2017-11-30,11.04,11.49,10.56,10.61,4459310
2017-12-01,10.5,11.09,10.34,11.01,6597890
2017-12-04,11.09,11.3,11.01,11.2,3585410
2017-12-05,11.2,11.2,10.66,10.66,4032090
2017-12-06,10.66,10.72,10.37,10.48,4775000
2017-12-07,10.45,10.93,10.45,10.88,1637630
2017-12-08,11.04,11.36,10.98,11.2,4867660
2017-12-11,10.93,11.78,10.88,11.25,3878540
2017-12-12,11.38,11.41,10.66,11.2,4193710
2017-12-13,11.28,11.62,11.2,11.38,1647010
2017-12-14,11.41,11.52,11.33,11.38,936520
2017-12-15,11.44,11.62,11.33,11.41,1687610
2017-12-18,11.49,11.49,11.2,11.2,2151270
2017-12-19,11.14,11.17,10.66,10.93,8058870
2017-12-20,11.01,11.36,10.9,11.2,1658860
2017-12-21,11.2,11.49,11.14,11.49,1251510
2017-12-22,11.36,11.38,11.12,11.14,1311520
2017-12-25,11.09,11.3,10.88,10.88,1708180
2017-12-26,10.88,10.96,10.77,10.8,1222600
2017-12-27,10.8,10.93,10.77,10.8,948420
2017-12-28,10.8,10.96,10.64,10.88,2305980
2017-12-29,10.85,11.12,10.85,10.98,1724040
2018-01-02,11.06,11.12,10.98,11.09,883360
2018-01-03,11.12,11.62,11.09,11.52,3305720
2018-01-04,11.65,12.32,11.6,12.16,3965060
2018-01-05,12.34,12.61,12,12.16,2875060
2018-01-08,12.16,12.48,12.05,12.26,4018670
2018-01-09,12.53,12.74,12.16,12.69,3299510
2018-01-10,12.8,12.96,12.5,12.69,2945650
2018-01-11,12.56,12.74,12.5,12.64,2411000
2018-01-12,12.37,13.06,12.26,12.37,3958000
2018-01-15,12.37,12.69,12.32,12.53,3059400
2018-01-16,12.53,12.74,12.26,12.53,2008940
2018-01-17,12.05,12.53,12.05,12.05,3315830
2018-01-18,11.89,12.18,11.6,12.08,5618870
2018-01-19,12.26,12.34,12,12,2534480
2018-01-22,12.13,12.13,11.86,12.02,1803420
2018-01-25,12.02,12.53,12,12.26,5055770
2018-01-26,12.4,12.53,12.16,12.16,3233700
2018-01-29,12.16,12.26,11.97,12.16,2060140
2018-01-30,11.84,12.98,11.84,12.98,6763820
2018-01-31,13.49,13.89,12.08,12.08,11441780
2018-02-01,12.48,12.9,12.37,12.85,4758970
2018-02-02,12.8,12.85,12.42,12.74,1866850
2018-02-05,12.56,12.64,11.86,11.86,3966060
2018-02-06,11.09,11.78,11.04,11.14,6073460
2018-02-07,11.68,11.92,11.46,11.89,2586270
2018-02-08,11.73,12.21,11.68,11.94,1642970
2018-02-09,11.17,11.6,11.14,11.49,3522000
2018-02-12,11.78,12.05,11.68,12.05,1108190
2018-02-13,12.26,12.74,12.05,12.66,2412670
2018-02-21,12.66,13.04,12.58,12.69,1616910
2018-02-22,12.58,12.8,12.48,12.5,1253320
2018-02-23,12.61,12.72,12.42,12.72,1042550
2018-02-26,12.8,13.17,12.77,12.85,4362740
2018-02-27,12.9,12.96,12.53,12.72,3081900
2018-02-28,12.66,12.74,12.61,12.69,1808170
2018-03-01,12.53,13.57,12.48,13.44,7535680
2018-03-02,13.33,14.37,13.17,14.34,6768590
2018-03-05,14.4,14.72,13.97,13.97,4587870
2018-03-06,14.02,14.66,13.92,14.66,5905980
2018-03-07,14.61,15.04,14.18,14.56,4636250
2018-03-08,14.42,14.8,14.32,14.32,3753250
2018-03-09,14.4,14.61,14.32,14.34,2708890
2018-03-12,14.5,15.04,14.29,14.72,2788070
2018-03-13,14.72,15.04,14.66,14.93,2037890
2018-03-14,15.04,15.3,14.72,14.72,3144210
2018-03-15,14.72,14.93,14.34,14.5,3312930
2018-03-16,14.56,14.82,14.37,14.66,2002230
2018-03-19,14.66,15.41,14.66,14.98,3895260
2018-03-20,14.93,15.04,14.74,14.88,3536050
2018-03-21,14.93,15.17,14.93,15.17,4566830
2018-03-22,15.12,15.41,14.96,14.98,2450030
2018-03-23,14.5,14.8,14.34,14.45,4031930
2018-03-26,14.45,14.61,14.4,14.48,1218420
2018-03-27,14.61,14.82,14.42,14.42,1962070
2018-03-28,14.4,14.5,13.6,13.6,5471840
2018-03-29,13.6,14.05,13.6,13.86,3118560
2018-03-30,13.89,13.92,13.65,13.7,1505920
2018-04-02,13.81,14.1,13.78,14.1,2301400
2018-04-03,14.13,14.42,14.1,14.24,1518040
2018-04-04,14.37,14.37,13.86,13.92,1486900
2018-04-05,13.97,14,13.57,13.6,3607400
2018-04-06,13.7,13.97,13.28,13.65,2559610
2018-04-09,13.65,13.89,13.52,13.76,1624290
2018-04-10,13.81,13.81,13.04,13.06,4183430
2018-04-11,13.09,13.09,12.16,12.32,4946920
2018-04-12,12.53,12.8,12.32,12.74,2356000
2018-04-13,12.77,13.04,12.42,12.77,1900780
2018-04-16,12.58,12.58,12.37,12.42,902830
2018-04-17,12.69,12.69,12.29,12.45,1067940
2018-04-18,12.45,12.61,12.18,12.21,1234080
2018-04-19,12,12.05,11.46,11.57,2119210
2018-04-20,11.73,12.37,11.36,12.37,1666210
2018-04-23,12.32,12.64,11.52,11.57,1355780
2018-04-24,11.57,12.05,11.46,11.73,1213600
2018-04-26,11.73,11.78,11.3,11.78,1292600
2018-04-27,11.84,12,11.46,12,953640
2018-05-02,11.84,12.05,11.57,12,740830
2018-05-03,11.73,11.86,11.54,11.84,1168130
2018-05-04,11.84,11.94,11.65,11.65,1029750
2018-05-07,11.84,12.05,11.62,12,781500
2018-05-08,12.08,12.08,11.73,11.73,570190
2018-05-09,11.73,11.73,11.49,11.49,1239280
2018-05-10,11.49,11.65,11.36,11.57,951780
2018-05-11,11.52,11.62,11.46,11.49,497950
2018-05-14,11.46,11.57,11.41,11.49,455680
2018-05-15,11.49,11.89,11.36,11.6,1260530
2018-05-16,11.6,12.37,11.52,12.21,2611630
2018-05-17,12.37,12.45,12.1,12.1,780340
2018-05-18,12.05,12.21,11.49,11.73,947920
2018-05-21,11.73,12.13,11.73,11.78,718540
2018-05-22,11.57,11.89,11.01,11.28,1914690
2018-05-23,11.25,11.54,11.04,11.54,978660
2018-05-24,11.62,11.62,11.25,11.25,477230
2018-05-25,11.25,11.3,11.04,11.04,1695400
2018-05-28,10.82,10.88,10.29,10.29,2416500
2018-05-29,9.68,10.45,9.57,10.42,3694710
2018-05-30,10.4,10.4,9.94,9.94,902110
2018-05-31,10.05,10.34,9.97,9.97,806370
2018-06-01,10,10.34,9.97,10.34,1437640
2018-06-04,10.4,11.04,10.4,10.82,1439470
2018-06-05,10.66,11.14,10.66,11.14,1452440
2018-06-06,11.2,11.44,10.93,11.36,1273280
2018-06-07,11.2,11.3,10.93,10.98,1276620
2018-06-08,10.98,10.98,10.74,10.82,675770
2018-06-11,10.56,10.8,10.13,10.5,1005130
2018-06-12,10.5,10.5,9.86,10.1,1071950
2018-06-13,10.1,10.34,10.1,10.16,300690
2018-06-14,10.1,10.4,10.1,10.18,398930
2018-06-15,10.32,10.37,10.1,10.37,521160
2018-06-18,10.18,10.37,9.92,9.92,505400
2018-06-19,9.62,9.65,9.22,9.28,3233760
2018-06-20,9.44,9.65,9.28,9.54,893590
2018-06-21,9.65,9.65,9.3,9.38,302950
2018-06-22,9.17,9.57,9.17,9.57,470630
2018-06-25,9.65,10.24,9.65,10.24,1994310
2018-06-26,10.13,10.66,10.13,10.29,2070500
2018-06-27,10.4,10.45,10.02,10.18,1253710
2018-06-28,10.08,10.08,9.76,9.76,1025400
2018-06-29,9.6,9.7,9.33,9.44,1523910
2018-07-02,9.44,9.44,8.8,8.85,1499550
2018-07-03,8.85,8.9,8.24,8.24,2429070
2018-07-04,7.97,8.26,7.68,7.73,3357080
2018-07-05,7.73,8.16,7.25,7.33,1886790
2018-07-06,7.41,7.81,7.2,7.78,1711810
2018-07-09,7.78,7.94,7.46,7.52,987200
2018-07-10,7.54,7.68,7.46,7.46,811500
2018-07-11,7.28,7.3,6.96,7.3,3233510
2018-07-12,7.3,7.57,7.28,7.57,1780470
2018-07-13,7.62,7.76,7.6,7.73,1453550
2018-07-16,7.84,7.84,7.57,7.68,1338790
2018-07-17,7.54,7.7,7.54,7.7,1475310
2018-07-18,7.78,8.24,7.78,8.24,6290100
2018-07-19,8.42,8.74,8.26,8.74,2343330
2018-07-20,8.53,8.72,8.4,8.69,1836380
2018-07-23,8.53,8.69,8.26,8.32,2395280
2018-07-24,8.32,8.32,7.78,8.32,3821450
2018-07-25,8.24,8.32,7.76,7.76,2108000
2018-07-26,7.97,8.08,7.78,8,1475540
2018-07-27,8,8.53,8,8.42,1853350
2018-07-30,8.42,8.74,8.42,8.64,1777310
2018-07-31,8.64,8.85,8.53,8.53,1237610
2018-08-01,8.53,8.69,8.48,8.61,1613470
2018-08-02,8.56,8.61,8.29,8.53,1135180
2018-08-03,8.53,8.72,8.53,8.53,919250
2018-08-06,8.61,8.72,8.42,8.42,1379150
2018-08-07,8.5,8.5,8.21,8.21,959190
2018-08-08,8.21,8.4,8.1,8.37,1006270
2018-08-09,8.32,8.93,8.29,8.85,2340880
2018-08-10,8.88,8.9,8.72,8.77,1224940
2018-08-13,8.8,9.04,8.74,8.8,1699830
2018-08-14,9.02,9.02,8.85,8.85,1250210
2018-08-15,8.85,8.88,8.69,8.69,1092560
2018-08-16,8.46,8.71,8.46,8.63,762080
2018-08-17,8.69,8.97,8.69,8.94,1195940
2018-08-20,8.94,9.47,8.91,9.36,3190220
2018-08-21,9.31,9.53,9.31,9.42,1396440
2018-08-22,9.39,9.73,9.39,9.53,1590470
2018-08-23,9.42,9.56,9.39,9.39,1083800
2018-08-24,9.39,9.81,9.31,9.64,1550180
2018-08-27,9.73,9.9,9.53,9.59,1460270
2018-08-28,9.64,9.7,9.5,9.53,1160720
2018-08-29,9.53,9.76,9.47,9.64,1342500
2018-08-30,9.56,9.76,9.56,9.7,1144140
2018-08-31,9.76,10.07,9.73,9.84,1861800
2018-09-04,9.87,10.07,9.67,9.67,1072250
2018-09-05,9.64,9.73,9.45,9.45,1639130
2018-09-06,9.59,9.59,9.31,9.31,958240
2018-09-07,9.31,9.47,9.25,9.42,679850
2018-09-10,9.45,9.53,9.14,9.19,1405240
2018-09-11,9.19,9.42,9.14,9.42,1687080
2018-09-12,9.53,9.73,9.45,9.59,1592330
2018-09-13,9.67,9.7,9.56,9.64,633830
2018-09-14,9.7,9.73,9.47,9.64,1023380
2018-09-17,9.53,9.59,9.42,9.42,784500
2018-09-18,9.25,9.5,9.22,9.5,1784550
2018-09-19,9.53,9.81,9.47,9.56,2806830
2018-09-20,9.59,9.98,9.59,9.95,2648540
2018-09-21,9.98,10.04,9.76,9.98,2304770
2018-09-24,10.15,10.15,9.87,9.95,2067020
2018-09-25,9.95,10.35,9.87,10.12,2965510
2018-09-26,10.15,10.35,10.12,10.12,2331850
2018-09-27,10.12,10.21,10.07,10.18,1415180
2018-09-28,10.15,10.21,10.01,10.01,2019590
2018-10-01,9.95,10.04,9.76,9.84,2019540
2018-10-02,9.76,9.98,9.73,9.81,1167700
2018-10-03,9.81,10.04,9.81,9.93,987810
2018-10-04,10.04,10.15,9.93,10.15,1304560
2018-10-05,10.1,10.24,9.98,10.04,1902650
2018-10-08,9.93,10.26,9.87,10.04,3366990
2018-10-09,10.04,10.15,10.01,10.07,2863320
2018-10-10,10.07,10.15,9.9,9.9,1476310
2018-10-11,9.36,9.59,9.22,9.22,6901570
2018-10-12,9.02,9.39,8.88,9.31,1240530
2018-10-15,9.31,9.31,9.08,9.11,958320
2018-10-16,9.14,9.31,9.05,9.25,1996370
2018-10-17,9.31,9.47,9.31,9.42,1104280
2018-10-18,9.31,9.42,9.31,9.36,865300
2018-10-19,9.08,9.36,9.08,9.31,1283640
2018-10-22,9.36,9.36,8.66,8.66,7334150
2018-10-23,8.46,8.63,8.12,8.57,1906270
2018-10-24,8.4,8.57,8.09,8.09,1265460
2018-10-25,7.61,8.21,7.61,8.21,1517540
2018-10-26,8.35,8.37,7.9,7.9,895590
2018-10-29,8.01,8.01,7.73,7.75,917090
2018-10-30,7.73,7.9,7.44,7.7,836340
2018-10-31,7.75,8.01,7.75,8.01,790110
2018-11-01,8.01,8.09,7.84,7.84,700930
2018-11-02,7.9,8.12,7.9,8.06,601390
2018-11-05,8.06,8.18,7.98,8.18,462510
2018-11-06,8.23,8.43,8.23,8.32,976720
2018-11-07,8.32,8.32,8.01,8.12,513590
2018-11-08,8.35,8.35,8.15,8.18,289610
2018-11-09,8.18,8.29,8.01,8.01,416080
2018-11-12,8.01,8.18,7.92,8.04,750960
2018-11-13,8.01,8.21,7.92,8.04,885810
2018-11-14,8.04,8.21,8.04,8.06,477000
2018-11-15,7.95,8.18,7.95,8.04,562910
2018-11-16,8.12,8.23,8.06,8.15,734580
2018-11-19,8.21,8.69,8.21,8.69,1075710
2018-11-20,8.69,8.69,8.54,8.57,625260
2018-11-21,8.43,8.77,8.37,8.69,1090450
2018-11-22,8.8,8.83,8.63,8.69,837390
2018-11-23,8.57,8.74,8.52,8.69,772920
2018-11-26,8.6,8.66,8.57,8.63,611080
2018-11-27,8.63,8.69,8.57,8.63,1289020
2018-11-28,8.63,8.71,8.57,8.66,905990
2018-11-29,8.66,8.8,8.63,8.69,1119700
2018-11-30,8.74,8.8,8.63,8.8,1330190
2018-12-03,8.94,9,8.85,8.91,1273000
2018-12-04,8.85,8.94,8.71,8.71,1285730
2018-12-05,8.63,8.71,8.49,8.66,1635120
2018-12-06,8.63,8.74,8.46,8.52,1426320
2018-12-07,8.63,8.88,8.6,8.74,2192930
2018-12-10,8.63,8.74,8.6,8.66,722160
2018-12-11,8.66,8.88,8.63,8.85,1703690
2018-12-12,8.97,9.02,8.88,9,1945900
2018-12-13,9.02,9.28,9,9.19,2013890
2018-12-14,9.22,9.22,8.94,8.97,1317490
2018-12-17,8.88,8.94,8.69,8.69,1113550
2018-12-18,8.52,8.69,8.29,8.49,1909400
2018-12-19,8.52,8.69,8.49,8.52,658110
2018-12-20,8.52,8.69,8.52,8.57,712020
2018-12-21,8.57,8.71,8.49,8.71,736670
2018-12-24,8.69,8.74,8.54,8.54,446180
2018-12-25,8.35,8.52,8.04,8.52,2195490
2018-12-26,8.57,8.57,8.18,8.18,638350
2018-12-27,8.4,8.57,8.29,8.57,1515510
2018-12-28,8.46,9.02,8.46,8.74,3848030
2019-01-02,8.77,8.83,8.46,8.46,580840
2019-01-03,8.69,8.69,8.35,8.37,1106600
2019-01-04,8.26,8.63,8.26,8.57,646620
2019-01-07,8.74,8.74,8.52,8.57,402340
2019-01-08,8.69,8.8,8.57,8.69,1239630
2019-01-09,8.6,8.74,8.6,8.66,285720
2019-01-10,8.63,8.74,8.63,8.63,464960
2019-01-11,8.66,8.77,8.63,8.77,1212870
2019-01-14,8.83,9.08,8.77,9.02,1996580
2019-01-15,9.02,9.25,9,9.22,1913730
2019-01-16,9.22,9.31,9.05,9.05,1910950
2019-01-17,9.05,9.08,8.85,8.85,851710
2019-01-18,8.83,9.08,8.83,9,698010
2019-01-21,9,9.14,8.91,9.14,706590
2019-01-22,9.14,9.14,9.02,9.08,631460
2019-01-23,9.02,9.14,8.97,9.02,1003670
2019-01-24,9.11,9.11,8.94,8.94,332870
2019-01-25,8.94,8.97,8.8,8.83,761260
2019-01-28,8.83,9.02,8.83,8.91,305960
2019-01-29,8.91,9.08,8.85,9.05,467750
2019-01-30,9.05,9.05,8.97,9.05,395990
2019-01-31,9.11,9.14,8.83,8.83,741520
2019-02-01,8.94,8.94,8.8,8.88,312360
2019-02-11,8.97,9.08,8.91,9.05,342800
2019-02-12,9.11,9.5,9.11,9.45,2117750
2019-02-13,9.47,9.67,9.45,9.45,1788150
2019-02-14,9.42,9.59,9.36,9.42,685130
2019-02-15,9.39,9.56,9.33,9.39,1007190
2019-02-18,9.45,9.53,9.36,9.42,902630
2019-02-19,9.42,9.7,9.39,9.42,1574260
2019-02-20,9.42,9.53,9.39,9.45,593860
2019-02-21,9.42,9.5,9.28,9.31,1034660
2019-02-22,9.31,9.39,9.22,9.28,939920
2019-02-25,9.28,9.33,9.16,9.16,1471100
2019-02-26,9.14,9.31,9.11,9.22,855500
2019-02-27,9.31,9.45,9.28,9.31,1413820
2019-02-28,9.66,9.68,9.39,9.42,1264580
2019-03-01,9.42,9.63,9.42,9.6,691940
2019-03-04,9.8,10.06,9.8,10.01,2352560
2019-03-05,10.01,10.06,9.83,9.83,1911500
2019-03-06,9.77,10.01,9.74,10.01,1219490
2019-03-07,10.28,10.28,10.1,10.1,1213790
2019-03-08,9.98,10.1,9.85,9.88,595510
2019-03-11,9.82,9.94,9.82,9.85,591110
2019-03-12,10.04,10.04,9.73,9.88,875530
2019-03-13,9.88,10.01,9.82,9.85,781410
2019-03-14,9.85,10.1,9.79,10.01,946160
2019-03-15,10.04,10.04,9.91,9.94,516080
2019-03-18,9.91,9.98,9.79,9.85,1140500
2019-03-19,9.85,9.98,9.73,9.82,1347540
2019-03-20,9.82,9.85,9.73,9.85,588340
2019-03-21,9.85,9.94,9.61,9.61,926500
2019-03-22,9.61,9.7,9.49,9.49,929840
2019-03-25,9.25,9.31,8.91,9,1284190
2019-03-26,9,9.43,8.94,9.37,1045970
2019-03-27,9.37,9.55,9.25,9.37,801210
2019-03-28,9.37,9.43,9.28,9.37,524600
2019-03-29,9.52,9.52,9.25,9.28,1064390
2019-04-01,9.28,9.4,9.21,9.25,672770
2019-04-02,9.34,9.34,9.12,9.12,513890
2019-04-03,9.12,9.21,9.06,9.21,458160
2019-04-04,9.31,9.52,9.21,9.37,854390
2019-04-05,9.43,9.49,9.28,9.28,424400
2019-04-08,9.31,9.43,9.25,9.31,442440
2019-04-09,9.37,9.37,9.12,9.18,576810
2019-04-10,9.18,9.25,9.06,9.25,538600
2019-04-11,9.31,9.31,9.15,9.25,170660
2019-04-12,9.15,9.25,9.12,9.15,181060
2019-04-16,9.09,9.15,8.91,9.12,589210
2019-04-17,9.18,9.18,8.94,9.06,428410
2019-04-18,8.94,9.03,8.76,8.97,713200
2019-04-19,9,9.09,8.88,9.09,415540
2019-04-22,9,9.03,8.94,9,183530
2019-04-23,9,9.06,8.91,9.03,406930
2019-04-24,9,9.28,9,9.18,460410
2019-04-25,9.18,9.21,9.09,9.12,252240
2019-04-26,9.12,9.31,9.12,9.25,1040780
2019-05-02,9.31,9.31,9.21,9.25,550180
2019-05-03,9.21,9.25,9,9.21,715560
2019-05-06,9.12,9.31,9,9.12,768930
2019-05-07,9.12,9.12,9.03,9.12,433350
2019-05-08,9.06,9.09,9,9.09,255060
2019-05-09,9.09,9.09,8.88,8.97,1361090
2019-05-10,8.97,8.97,8.76,8.76,638250
2019-05-13,8.76,8.88,8.52,8.67,740400
2019-05-14,8.58,8.82,8.52,8.7,399670
2019-05-15,8.82,8.88,8.64,8.88,459300
2019-05-16,8.88,8.88,8.73,8.73,352410
2019-05-17,8.73,8.82,8.73,8.76,204970
2019-05-20,8.7,8.82,8.7,8.7,544480
2019-05-21,8.7,8.85,8.7,8.76,836600
2019-05-22,8.73,8.82,8.67,8.73,894580
2019-05-23,8.67,8.73,8.58,8.58,556710
2019-05-24,8.58,8.7,8.52,8.55,668090
2019-05-27,8.58,8.61,8.42,8.52,810460
2019-05-28,8.52,8.52,8.42,8.52,636500
2019-05-29,8.55,8.55,8.42,8.45,679700
2019-05-30,8.45,8.67,8.42,8.67,2030560
2019-05-31,8.73,8.73,8.55,8.67,469280
2019-06-03,8.61,8.61,8.42,8.45,886290
2019-06-04,8.45,8.67,8.42,8.45,865510
2019-06-05,8.52,8.61,8.39,8.45,691090
2019-06-06,8.3,8.58,8.24,8.42,800170
2019-06-07,8.45,8.49,8.36,8.49,324280
2019-06-10,8.45,8.55,8.36,8.36,512280
2019-06-11,8.21,8.39,8.21,8.39,775820
2019-06-12,8.33,8.39,8.27,8.33,420480
2019-06-13,8.33,8.33,8.24,8.3,304510
2019-06-14,8.24,8.49,8.24,8.49,485540
2019-06-17,8.36,8.45,8.3,8.39,224840
2019-06-18,8.3,8.39,8.27,8.33,453310
2019-06-19,8.27,8.39,8.27,8.27,228050
2019-06-20,8.27,8.33,8.21,8.3,468860
2019-06-21,8.3,8.36,8.24,8.3,488460
2019-06-24,8.3,8.36,8.27,8.3,456990
2019-06-25,8.27,8.3,8.18,8.3,504240
2019-06-26,8.18,8.3,8.18,8.21,459280
2019-06-27,8.21,8.21,8,8,393060
2019-06-28,7.97,8.21,7.91,8.21,1069540
2019-07-01,8.21,8.21,7.91,8.12,424260
2019-07-02,8.12,8.12,8,8,141520
2019-07-03,7.97,8.03,7.88,7.91,337630
2019-07-04,7.94,8.15,7.94,8.09,498440
2019-07-05,8.09,8.12,8,8.03,146780
2019-07-08,8.12,8.12,7.97,7.97,300800
2019-07-09,7.97,8.06,7.88,8.06,843160
2019-07-10,8.03,8.09,7.88,7.97,485280
2019-07-11,7.97,8.12,7.94,8.03,404970
2019-07-12,8,8.15,7.97,7.97,569710
2019-07-15,7.97,8.09,7.97,8.03,883050
2019-07-16,8.06,8.09,8,8.03,992790
2019-07-17,8.09,8.58,8,8.58,1927730
2019-07-18,8.45,8.58,8.36,8.36,788700
2019-07-19,8.36,8.73,8.33,8.42,669180
2019-07-22,8.45,8.58,8.36,8.39,853290
2019-07-23,8.45,8.45,8.27,8.39,502070
2019-07-24,8.39,8.45,8.27,8.27,352490
2019-07-25,8.27,8.58,8.27,8.45,1181200
2019-07-26,8.36,8.49,8.33,8.33,248780
2019-07-29,8.3,8.39,8.3,8.36,564250
2019-07-30,8.33,8.33,8.09,8.15,832920
2019-07-31,7.91,8.15,7.88,8,1458230
2019-08-01,7.94,8.12,7.94,8.06,386190
2019-08-02,8.03,8.03,7.91,7.94,362730
2019-08-05,7.94,8.06,7.85,7.85,638890
2019-08-06,7.76,7.82,7.6,7.63,566070
2019-08-07,7.76,7.76,7.6,7.66,532570
2019-08-08,7.6,7.85,7.6,7.82,603210
2019-08-09,7.82,7.88,7.72,7.82,234300
2019-08-12,7.79,7.79,7.66,7.79,321280
2019-08-13,7.66,7.82,7.66,7.79,424590
2019-08-14,8.17,8.17,7.79,7.91,302360
2019-08-15,7.91,8.01,7.75,8.01,422370
2019-08-16,8.01,8.04,7.91,8.01,498670
2019-08-19,7.91,8.04,7.91,8.04,371940
2019-08-20,8.04,8.58,8.04,8.58,2533660
2019-08-21,8.62,8.87,8.62,8.62,1411240
2019-08-22,8.58,8.84,8.58,8.65,679840
2019-08-23,8.65,8.87,8.58,8.87,1236870
2019-08-26,8.74,9.25,8.71,9.19,2178250
2019-08-27,9.38,9.54,9.22,9.29,2096860
2019-08-28,9.29,9.41,9.16,9.16,957610
2019-08-29,9.16,9.32,9.13,9.13,871900
2019-08-30,9.13,9.25,8.97,9.16,1046020
2019-09-03,9.22,9.22,8.81,8.87,769120
2019-09-04,9.22,9.03,8.77,9.03,652330
2019-09-05,9,9.16,8.97,9.03,400870
2019-09-06,9.06,9.06,8.9,8.9,283240
2019-09-09,8.9,8.9,8.74,8.77,457630
2019-09-10,8.71,8.9,8.52,8.52,701930
2019-09-11,8.52,8.65,8.46,8.62,477980
2019-09-12,8.74,8.93,8.68,8.9,676820
2019-09-13,8.87,9,8.84,8.97,520880
2019-09-16,9.03,9.22,8.93,9.09,1233460
2019-09-17,9,9.22,9,9.19,830160
2019-09-18,9.13,9.22,8.93,9.03,557030
2019-09-19,9.03,9.09,8.87,8.97,531300
2019-09-20,8.97,9,8.68,8.68,547830
2019-09-23,8.68,9,8.68,8.81,907350
2019-09-24,8.77,9,8.77,8.97,660060
2019-09-25,8.93,9.22,8.87,9.22,1558300
2019-09-26,9.32,9.41,9.16,9.25,1465540
2019-09-27,9.25,9.35,9.16,9.19,1126090
2019-09-30,9.19,9.54,9.19,9.25,1806400
2019-10-01,9.25,9.54,9.25,9.54,1334860
2019-10-02,9.64,9.76,9.51,9.54,2442440
2019-10-03,9.41,9.73,9.41,9.64,1708480
2019-10-04,9.76,9.76,9.38,9.41,949980
2019-10-07,9.51,9.73,9.35,9.44,2871720
2019-10-08,9.54,9.64,9.41,9.44,1055730
2019-10-09,9.44,9.48,9.29,9.32,1166580
2019-10-10,9.32,9.41,9.25,9.25,1249170
2019-10-11,9.25,9.35,9.19,9.25,873020
2019-10-14,9.38,9.41,9.32,9.32,924530
2019-10-15,9.32,9.35,9.25,9.35,727710
2019-10-16,9.38,9.41,9.29,9.29,685620
2019-10-17,9.29,9.29,9.09,9.09,1161380
2019-10-18,9.09,9.16,9.03,9.03,953710
2019-10-21,9.09,9.09,8.87,8.93,1261590
2019-10-22,8.93,9.06,8.9,8.97,512070
2019-10-23,8.97,9.06,8.97,9,407110
2019-10-24,9.03,9.19,9.03,9.13,768260
2019-10-25,9.13,9.19,9.09,9.19,283570
2019-10-28,9.19,9.25,9.06,9.06,456670
2019-10-29,9.06,9.06,8.81,8.81,1104730
2019-10-30,8.81,9,8.74,8.87,533700
2019-10-31,8.87,8.87,8.55,8.55,1465420
2019-11-01,8.55,8.62,8.39,8.55,1296750
2019-11-04,8.58,8.81,8.58,8.77,930510
2019-11-05,8.77,8.81,8.71,8.71,610190
2019-11-06,8.71,8.93,8.68,8.81,989810
2019-11-07,8.77,8.87,8.74,8.77,243190
2019-11-08,8.84,8.84,8.62,8.62,496050
2019-11-11,8.62,8.65,8.49,8.49,494350
2019-11-12,8.55,8.84,8.55,8.71,1073180
2019-11-13,8.71,8.87,8.68,8.68,480830
2019-11-14,8.71,8.71,8.62,8.62,289200
2019-11-15,8.62,8.87,8.62,8.81,961380
2019-11-18,8.84,8.87,8.68,8.68,385680
2019-11-19,8.68,8.77,8.65,8.74,392860
2019-11-20,8.84,8.84,8.68,8.68,243810
2019-11-21,8.71,8.74,8.62,8.62,488120
2019-11-22,8.62,8.68,8.3,8.33,664940
2019-11-25,8.42,8.55,8.33,8.33,524750
2019-11-26,8.33,8.58,8.33,8.42,581590
2019-11-27,8.49,8.55,8.39,8.42,546410
2019-11-28,8.42,8.49,8.33,8.42,550060
2019-11-29,8.46,8.46,8.33,8.36,227220
2019-12-02,8.39,8.46,8.17,8.39,601600
2019-12-03,8.36,8.46,8.3,8.3,455030
2019-12-04,8.39,8.52,8.26,8.52,380030
2019-12-05,8.58,8.62,8.49,8.55,792350
2019-12-06,8.55,8.58,8.49,8.52,284110
2019-12-09,8.52,8.62,8.49,8.58,561950
2019-12-10,8.62,8.62,8.46,8.46,429740
2019-12-11,8.46,8.55,8.42,8.55,281710
2019-12-12,8.58,8.77,8.58,8.74,1405630
2019-12-13,8.81,8.93,8.71,8.74,743620
2019-12-16,8.74,8.77,8.68,8.71,462300
2019-12-17,8.71,8.71,8.55,8.55,393420
2019-12-18,8.55,8.62,8.42,8.42,641100
2019-12-19,8.42,8.58,8.36,8.55,421800
2019-12-20,8.52,8.58,8.52,8.55,268340
2019-12-23,8.55,8.58,8.46,8.55,449330
2019-12-24,8.87,8.87,8.62,8.71,1537780
2019-12-25,8.74,9,8.74,8.93,969440
2019-12-26,8.93,9.06,8.81,8.81,1047700
2019-12-27,8.87,8.87,8.77,8.77,569460
2019-12-30,8.77,8.84,8.62,8.68,866360
2019-12-31,8.65,8.81,8.62,8.81,923890
2020-01-02,8.74,8.87,8.74,8.81,866500
2020-01-03,8.81,9.03,8.81,8.87,2242240
2020-01-06,8.9,8.9,8.71,8.74,470820
2020-01-07,8.68,8.87,8.68,8.71,424110
2020-01-08,8.65,8.65,8.26,8.26,2280630
2020-01-09,8.36,8.52,8.36,8.39,553820
2020-01-10,8.42,8.52,8.36,8.39,553300
2020-01-13,8.39,8.49,8.26,8.26,946160
2020-01-14,8.3,8.36,8.14,8.3,715360
2020-01-15,8.3,8.33,8.23,8.3,270530
2020-01-16,8.3,8.33,8.23,8.26,553400
2020-01-17,8.3,8.3,8.04,8.04,1151600
2020-01-20,8.04,8.1,8.04,8.1,294050
2020-01-21,8.1,8.36,8.1,8.36,497590
2020-01-22,8.36,8.46,8.3,8.3,876300
2020-01-30,8.3,8.3,7.88,8.01,1044820
2020-01-31,7.95,8.04,7.72,7.72,2053420
2020-02-03,7.34,7.56,7.21,7.21,2361500
2020-02-04,7.37,7.37,7.12,7.24,1463880
2020-02-05,7.24,7.31,7.21,7.28,1089750
2020-02-06,7.28,7.34,7.21,7.34,1495560
2020-02-07,7.4,7.63,7.37,7.4,1322960
2020-02-10,7.4,7.56,7.28,7.47,1066490
2020-02-11,7.43,7.63,7.43,7.56,1438680
2020-02-12,7.59,8.07,7.59,8.07,2679770
2020-02-13,8.07,8.26,8.07,8.26,1908600
2020-02-14,8.26,8.36,8.17,8.3,983250
2020-02-17,8.23,8.55,8.23,8.36,1394660
2020-02-18,8.39,8.49,8.33,8.49,1300470
2020-02-19,8.62,8.87,8.62,8.65,1452330
2020-02-20,8.77,8.81,8.62,8.62,925570
2020-02-21,8.42,8.62,8.39,8.42,908390
2020-02-24,8.01,8.17,7.88,8.04,1755640
2020-02-25,8.04,8.2,7.88,8.17,943960
2020-02-26,8.14,8.23,8.01,8.07,557830
2020-02-27,8.17,8.17,8.07,8.1,665060
2020-02-28,8.04,8.1,7.88,8.01,1095910
2020-03-02,8.01,8.14,7.91,7.91,490500
2020-03-03,8.04,8.3,8.01,8.3,806940
2020-03-04,8.36,8.68,8.33,8.68,2211650
2020-03-05,8.68,8.81,8.36,8.46,1144260
2020-03-06,8.39,8.62,8.23,8.62,919740
2020-03-09,8.14,8.23,8.04,8.04,2153190
2020-03-10,7.98,8.17,7.75,8.04,1396790
2020-03-11,8.04,8.17,7.5,8.04,1361650
2020-03-12,7.56,8.01,7.5,7.5,2626960
2020-03-13,6.99,7.5,6.99,7.43,2049070
2020-03-16,7.34,7.47,7.12,7.34,971660
2020-03-17,7.02,7.34,6.92,7.34,2376460
2020-03-18,7.47,7.63,7.37,7.47,1203540
2020-03-19,7.24,7.47,7.15,7.4,1123970
2020-03-20,7.31,7.37,7.15,7.34,1511820
2020-03-23,7.08,7.31,6.83,6.83,2354750
2020-03-24,6.76,6.86,6.41,6.86,1548700
2020-03-25,7.15,7.18,6.89,7.02,906180
2020-03-26,7.15,7.15,6.83,7.02,1294140
2020-03-27,7.02,7.05,6.86,7.02,1606100
2020-03-30,6.89,6.89,6.54,6.73,2410670
2020-03-31,6.6,6.89,6.27,6.6,2440790
2020-04-01,6.6,6.83,6.36,6.83,2103820
2020-04-03,6.7,6.99,6.64,6.89,1998980
2020-04-06,6.92,7.12,6.89,7.05,2045960
2020-04-07,7.05,7.05,6.83,6.96,1466540
2020-04-08,6.92,6.92,6.7,6.7,1870160
2020-04-09,6.83,7.15,6.8,7.15,2464860
2020-04-10,7.08,7.24,6.89,7.15,1529370
2020-04-13,7.05,7.15,6.96,6.99,1323760
2020-04-14,6.92,7.28,6.89,7.21,2465220
2020-04-15,7.21,7.31,7.12,7.24,1664740
2020-04-16,7.12,7.47,7.12,7.37,1739850
2020-04-17,7.47,7.5,7.34,7.37,1868890
2020-04-20,7.47,7.47,7.28,7.4,1514450
2020-04-21,7.28,7.31,6.92,7.28,2704130
2020-04-22,7.02,7.28,6.96,7.28,1130910
2020-04-23,7.34,7.34,7.15,7.15,552770
2020-04-24,7.15,7.47,7.02,7.34,3072790
2020-04-27,7.4,7.43,7.21,7.28,1095700
2020-04-28,7.28,7.31,7.18,7.28,497130
2020-04-29,7.21,7.28,7.15,7.21,960250
2020-05-04,7.15,7.15,6.96,7.12,965810
2020-05-05,7.02,7.21,7.02,7.21,339970
2020-05-06,7.21,7.28,7.15,7.24,667010
2020-05-07,7.24,7.28,7.15,7.28,754260
2020-05-08,7.28,7.53,7.28,7.4,2580160
2020-05-11,7.59,7.59,7.24,7.59,1675860
2020-05-12,7.59,7.88,7.47,7.79,945260
2020-05-13,7.72,7.82,7.56,7.66,1141710
2020-05-14,7.59,7.75,7.56,7.63,972630
2020-05-15,7.59,7.66,7.4,7.63,1312550
2020-05-18,7.63,7.63,7.5,7.59,903500
2020-05-19,7.59,7.79,7.56,7.59,1219190
2020-05-20,7.59,7.95,7.56,7.88,2556190
2020-05-21,7.88,7.98,7.79,7.79,760480
2020-05-22,7.72,7.85,7.66,7.79,734910
2020-05-25,7.72,7.91,7.59,7.72,1204050
2020-05-26,7.82,7.88,7.72,7.82,1006110
2020-05-27,7.85,7.88,7.66,7.66,1059910
2020-05-28,7.66,7.72,7.53,7.72,1242790
2020-05-29,7.72,7.75,7.59,7.72,605980
2020-06-01,7.72,7.91,7.69,7.79,569410
2020-06-02,7.85,8.2,7.85,7.91,3323690
2020-06-03,7.91,8.14,7.91,8.04,892370
2020-06-04,8.2,8.2,8.01,8.1,1056460
2020-06-05,8.14,8.14,7.98,8.1,891190
2020-06-08,8.1,8.3,8.04,8.2,1976560
2020-06-09,8.23,8.33,8.1,8.14,1451000
2020-06-10,8.1,8.55,8.01,8.46,1984620
2020-06-11,8.46,8.68,7.88,7.91,2818360
2020-06-12,7.53,7.85,7.53,7.85,1769700
2020-06-15,7.82,7.85,7.34,7.69,1784580
2020-06-16,7.72,7.82,7.59,7.75,834780
2020-06-17,7.75,7.91,7.63,7.66,797480
2020-06-18,7.56,7.66,7.5,7.66,807310
2020-06-19,7.63,7.88,7.63,7.85,1217400
2020-06-22,7.91,7.91,7.72,7.88,718120
2020-06-23,7.75,8.01,7.75,7.95,1228080
2020-06-24,7.95,7.98,7.75,7.88,989120
2020-06-25,7.72,7.91,7.66,7.91,630320
2020-06-26,7.82,8.14,7.75,7.75,682720
2020-06-29,7.75,7.75,7.31,7.75,1944850
2020-06-30,7.75,7.85,7.59,7.82,1882420
2020-07-01,7.66,7.88,7.66,7.85,707110
2020-07-02,7.85,7.95,7.72,7.82,680740
2020-07-03,7.82,8.3,7.79,8.26,1446490
2020-07-06,8.26,8.33,8.07,8.26,734240
2020-07-07,8.3,8.3,8.1,8.1,751350
2020-07-08,8.04,8.26,7.98,8.26,1307570
2020-07-09,8.26,8.74,8.26,8.62,4201640
2020-07-10,8.52,8.65,8.42,8.52,866960
2020-07-13,8.52,8.9,8.49,8.71,2668160
2020-07-14,8.62,8.81,8.58,8.71,814620
2020-07-15,8.81,8.9,8.74,8.74,1022160
2020-07-16,8.74,8.74,8.55,8.62,1148560
2020-07-17,8.68,8.81,8.55,8.62,1010710
2020-07-20,8.68,8.68,8.26,8.26,1066200
2020-07-21,8.33,8.39,8.23,8.26,1101940
2020-07-22,8.26,8.33,8.07,8.14,703280
2020-07-23,8.14,8.23,8.04,8.2,870080
2020-07-24,8.1,8.14,7.66,7.85,1752990
2020-07-27,7.53,7.85,7.31,7.85,4211890
2020-07-28,7.85,8.04,7.66,7.88,1497590
2020-07-29,7.79,7.85,7.47,7.85,1409900
2020-07-30,7.72,7.85,7.66,7.82,605280
2020-07-31,7.66,7.91,7.66,7.75,905010
2020-08-03,7.82,7.88,7.66,7.88,1061230
2020-08-04,7.91,8.01,7.88,7.95,518480
2020-08-05,7.95,8.07,7.85,8.04,1371480
2020-08-06,8.01,8.04,7.85,7.85,713030
2020-08-07,7.88,7.91,7.53,7.88,938260
2020-08-10,7.88,7.95,7.85,7.88,859180
2020-08-11,7.88,7.91,7.82,7.88,369820
2020-08-12,7.88,8.2,7.88,8.1,2122580
2020-08-13,8.2,8.2,8.04,8.1,971120
2020-08-14,8.1,8.17,8.04,8.07,794740
2020-08-17,8.07,8.07,7.91,8.01,925430
2020-08-18,8.04,8.26,8.04,8.17,1985090
2020-08-19,8.2,8.23,8.14,8.2,1433580
2020-08-20,8.14,8.23,8.07,8.1,659540
2020-08-21,8.1,8.23,8.07,8.14,1431230
2020-08-24,8.23,8.39,8.17,8.2,2086710
2020-08-25,8.23,8.3,8.07,8.2,2154980
2020-08-26,8.2,8.52,8.14,8.42,2319110
2020-08-27,8.42,8.46,8.3,8.36,1263650
2020-08-28,8.39,8.55,8.33,8.33,2092330
2020-08-31,8.49,8.55,8.26,8.26,2063120
2020-09-01,8.23,8.36,8.23,8.3,1027820
2020-09-03,8.3,8.36,8.23,8.26,1377660
2020-09-04,8.2,8.3,8.17,8.3,1303070
2020-09-07,8.36,8.77,8.3,8.52,4945420
2020-09-08,8.55,8.68,8.52,8.58,1725590
2020-09-09,8.55,8.68,8.42,8.65,1166460
2020-09-10,8.65,8.68,8.58,8.58,1450980
2020-09-11,8.55,8.77,8.52,8.71,2018590
2020-09-14,8.74,9.13,8.74,9.06,2757700
2020-09-15,9.13,9.41,9.13,9.19,3450400
2020-09-16,9.13,9.29,9.06,9.25,1778680
2020-09-17,9.16,9.25,8.9,9.09,2857800
2020-09-18,9.13,9.44,9,9.29,1617820
2020-09-21,9.25,9.51,9.13,9.22,2222270
2020-09-22,9.13,9.32,9.09,9.29,1056290
2020-09-23,9.29,9.35,9.19,9.22,1274730
2020-09-24,9.16,9.38,9.16,9.29,1875070
2020-09-25,9.29,9.35,9.19,9.29,956720
2020-09-28,9.35,9.73,9.29,9.57,3498850
2020-09-29,9.8,9.96,9.44,9.6,2710770
2020-09-30,9.6,9.92,9.57,9.73,4110520
2020-10-01,9.89,10.31,9.8,10.31,3530660
2020-10-02,10.34,11.01,10.31,11.01,4112670
2020-10-05,11.74,11.77,11.17,11.74,7500610
2020-10-06,11.61,12.06,11.17,11.39,5528700
2020-10-07,11.26,11.87,11.2,11.3,3920670
2020-10-08,11.3,11.42,10.98,11.42,5360750
2020-10-09,11.74,11.81,11.39,11.74,3176960
2020-10-12,12,12.22,11.58,11.58,4457970
2020-10-13,11.49,11.61,11.39,11.39,1934130
2020-10-14,11.36,11.39,11.14,11.33,2202370
2020-10-15,11.42,11.55,11.1,11.42,2842470
2020-10-16,11.49,12.06,11.45,11.68,3603210
2020-10-19,11.61,12.19,11.45,11.97,4382630
2020-10-20,11.97,12.51,11.87,12.51,4615600
2020-10-21,12.51,12.83,12.19,12.19,2639450
2020-10-22,12.16,12.44,12,12.38,2432340
2020-10-23,12.44,12.51,12.16,12.25,1967510
2020-10-26,12.38,12.76,12.19,12.44,6975230
2020-10-27,12.38,12.48,12.22,12.32,2883500
2020-10-28,12.25,12.64,12.19,12.19,4443690
2020-10-29,12.25,12.54,12.19,12.22,2678150
2020-10-30,12.44,12.44,12.06,12.22,2657280
2020-11-02,12.22,12.41,12.22,12.32,1491620
2020-11-03,12.38,12.41,12.25,12.38,1424920
2020-11-04,12.44,13.18,12.44,12.99,7604770
2020-11-05,13.08,13.08,12.67,12.67,2009220
2020-11-06,12.67,12.86,12.54,12.76,1894420
2020-11-09,12.76,13.02,12.7,12.89,3792160
2020-11-10,12.89,13.02,12.51,12.57,3855660
2020-11-11,12.54,12.73,12.48,12.6,2226740
2020-11-12,12.6,13.08,12.48,12.89,2436400
2020-11-13,12.89,12.99,12.73,12.92,3034670
2020-11-16,12.99,13.37,12.89,13.11,5099720
2020-11-17,13.27,13.31,13.11,13.31,2465550
2020-11-18,13.31,13.5,13.18,13.27,2349900
2020-11-19,13.4,13.4,13.15,13.18,2308570
2020-11-20,13.21,13.69,13.15,13.5,2942400
2020-11-23,13.56,13.91,13.47,13.5,2066260
2020-11-24,13.69,13.78,13.43,13.59,3227320
2020-11-25,13.59,13.72,13.27,13.62,3422440
2020-11-26,13.5,13.66,13.37,13.4,2404020
2020-11-27,13.4,14.29,13.4,13.85,4639810
2020-11-30,14.1,14.68,13.91,14.29,5399340
2020-12-01,14.17,14.93,14.17,14.36,8146210
2020-12-02,15,15.35,14.74,15.35,5619890
2020-12-03,16.34,16.4,15.95,16.4,3521260
2020-12-04,16.91,17.45,16.37,16.91,6448020
2020-12-07,16.66,17.1,16.11,16.69,4605900
2020-12-08,16.72,16.98,16.53,16.75,3643160
2020-12-09,16.85,16.85,16.53,16.53,3902570
2020-12-10,16.5,16.5,15.7,15.7,7480540
2020-12-11,15.63,16.11,15.38,16.02,3403730
2020-12-14,16.21,16.85,15.92,16.62,3857790
2020-12-15,16.59,16.72,15.95,16.18,4494850
2020-12-16,16.21,16.46,16.11,16.21,2877220
2020-12-17,16.05,16.66,15.89,16.53,4142520
2020-12-18,16.53,17.58,16.53,17.45,6476930
2020-12-21,17.55,17.8,17.2,17.74,6100610
2020-12-22,17.55,17.8,17.45,17.74,3156420
2020-12-23,17.61,17.61,16.91,17.23,3666820
2020-12-24,17.17,17.33,16.05,16.88,5946530
2020-12-25,16.66,17.23,16.53,16.72,2328570
2020-12-28,16.91,17.04,16.62,16.69,4346940
2020-12-29,16.72,17.65,16.59,17.42,5659820
2020-12-30,17.87,18.25,17.45,17.45,3939190
2020-12-31,17.55,17.84,17.42,17.68,2312570
2021-01-04,18,18.89,17.87,18.86,7909000
2021-01-05,19.14,20.17,19.02,20.1,7069400
2021-01-06,20.68,20.71,19.59,19.91,4237900
2021-01-07,19.91,20.52,19.46,20.29,5114000
2021-01-08,20.42,20.64,19.97,20.13,3082700
2021-01-11,20.2,20.36,19.72,20.07,2381400
2021-01-12,20.1,21.47,19.72,21.47,5545800
2021-01-13,21.7,21.83,21.19,21.31,4217000
2021-01-14,21.12,21.63,21,21.41,4045000
2021-01-15,21.7,21.79,21.28,21.51,4032600
2021-01-18,23.01,23.01,21.95,22.24,6304500
2021-01-19,22.21,22.46,20.71,20.71,3821000
2021-01-20,20.71,21,19.27,20.42,4201900
2021-01-21,20.87,21.28,19.78,21.28,3773300
2021-01-22,21.25,21.63,20.96,21.06,3990300
2021-01-25,20.74,21.83,20.74,21.12,6015400
2021-01-26,21.19,21.19,19.66,19.78,4933000
2021-01-27,19.46,19.69,18.41,18.41,6653000
2021-01-28,17.13,17.55,17.13,17.13,2765800
2021-01-29,15.95,17.74,15.95,17.13,8174300
2021-02-01,16.78,17.68,16.27,17.1,4716600
2021-02-02,17.55,18.09,16.98,17.68,3892900
2021-02-03,18.06,18.76,17.84,18.51,4069400
2021-02-04,18.51,18.76,18,18.19,3422300
2021-02-05,18.25,18.89,17.87,18.89,3989500
2021-02-08,18.89,19.72,17.61,18.38,5152900
2021-02-09,18.38,18.83,17.93,18.6,2238000
2021-02-17,18.89,19.4,18.76,19.37,3014600
2021-02-18,19.43,19.72,19.14,19.66,4573000
2021-02-19,19.4,20.42,19.4,20.07,4262200
2021-02-22,20.1,20.29,19.53,19.75,3052500
2021-02-23,19.78,20.17,19.46,19.85,3087500
2021-02-24,20.1,20.36,19.46,19.78,6517300
2021-02-25,19.91,20.23,19.72,19.94,5124400
2021-02-26,19.78,21.06,19.69,20.9,6989700
2021-03-01,21.19,21.25,20.74,20.9,3684900
2021-03-02,20.96,21,20.64,20.68,4039900
2021-03-03,20.55,20.71,20.36,20.55,5704700
2021-03-04,20.55,20.68,19.27,19.72,5940300
2021-03-05,19.34,19.62,18.83,19.46,5172100
2021-03-08,19.72,19.78,19.27,19.46,3977100
2021-03-09,19.3,19.91,18.6,19.46,4092600
2021-03-10,19.53,19.66,19.14,19.5,2295100
2021-03-11,19.78,19.78,19.46,19.59,3437600
2021-03-12,19.78,20.68,19.66,20.29,8198600
2021-03-15,20.42,20.64,20.13,20.23,4324300
2021-03-16,20.17,20.23,19.72,19.94,3373400
2021-03-17,19.78,20.04,19.75,19.91,3387900
2021-03-18,19.97,20.74,19.81,20.36,6024700
2021-03-19,20.42,20.9,20.42,20.71,5792900
2021-03-22,20.74,20.77,20.29,20.58,3742500
2021-03-23,20.58,20.58,19.72,19.85,4698300
2021-03-24,19.46,19.85,19.08,19.46,5067300
2021-03-25,19.46,19.72,19.05,19.37,2822700
2021-03-26,19.14,19.4,18.12,19.08,3871100
2021-03-29,19.14,19.4,18.99,19.14,3139800
2021-03-30,19.71,19.74,19.36,19.57,2756700
2021-03-31,19.64,19.71,19.29,19.36,1511900
2021-04-01,19.6,20.34,19.36,20.34,2053500
2021-04-02,20.83,21,20.34,20.48,3454700
2021-04-05,20.55,20.76,20.2,20.41,3027200
2021-04-06,20.2,20.37,20.06,20.2,2170200
2021-04-07,20.02,20.72,19.85,20.55,3419700
2021-04-08,20.69,21.74,20.65,21.67,10477800
2021-04-09,21.74,21.74,21.46,21.49,3320600
2021-04-12,21.56,21.74,21.25,21.63,5356300
2021-04-13,21.74,21.74,20.76,20.97,5191300
2021-04-14,20.69,20.97,20.48,20.9,3294800
2021-04-15,20.9,20.97,20.34,20.34,4035000
2021-04-16,19.99,20.37,19.36,19.92,6207600
2021-04-19,19.92,20.48,19.57,20.41,3177500
2021-04-20,20.58,20.62,19.64,20.02,2726600
2021-04-22,19.64,20.02,19.14,19.18,3356300
2021-04-23,19.07,19.64,18.58,19.64,3311500
2021-04-26,19.64,19.64,18.79,18.79,2015500
2021-04-27,18.72,18.86,18.44,18.44,2776600
2021-04-28,18.48,18.86,18.34,18.55,1726000
2021-04-29,18.58,19.29,18.51,18.76,2157900
2021-05-04,18.23,19.18,18.16,18.93,2559400
2021-05-05,19.07,19.32,19.04,19.21,3565600
2021-05-06,19.21,19.85,19.07,19.5,4692300
2021-05-07,19.5,19.57,18.83,18.97,2877300
2021-05-10,18.79,19.18,18.55,18.86,2803400
2021-05-11,18.79,19.99,18.72,19.43,7519400
2021-05-12,19.57,19.85,19.36,19.74,3816800
2021-05-13,19.71,19.99,19.57,19.67,4119800
2021-05-14,19.67,20.34,19.57,20.06,6557900
2021-05-17,20.06,20.27,19.5,19.64,3421000
2021-05-18,19.57,19.64,18.93,19,4099800
2021-05-19,18.65,18.9,18.44,18.58,5388000
2021-05-20,18.55,19.43,18.37,19.36,4162400
2021-05-21,19.5,19.99,19.29,19.74,5507700
2021-05-24,19.74,21.11,19.74,21.11,13356900
2021-05-25,21.25,21.46,20.72,20.72,6398800
2021-05-26,20.58,21.39,20.48,21.18,8263200
2021-05-27,21.18,22.44,21.18,21.74,8583300
2021-05-28,22.23,22.37,21.84,22.06,5309000
2021-05-31,21.88,22.44,21.35,22.37,7717600
2021-06-01,22.51,23.49,22.51,22.79,5572300
2021-06-02,22.58,22.93,21.95,22.16,7367900
2021-06-03,22.44,22.72,22.09,22.55,7911900
2021-06-04,22.58,23.14,22.58,22.9,7540200
2021-06-07,23.04,23.07,21.32,22.09,7216200
2021-06-08,22.54,23.11,21.31,21.39,7883400
2021-06-09,20.98,21.35,20.08,21.19,6433300
2021-06-10,20.9,21.07,20.08,20.25,7400000
2021-06-11,20.25,20.9,20.08,20.66,5915700
2021-06-14,20.74,21.23,20.49,20.9,4313300
2021-06-15,20.9,21.64,20.61,21.48,5490100
2021-06-16,21.64,22.25,21.48,21.56,7697300
2021-06-17,20.9,21.8,20.9,21.56,4574800
2021-06-18,21.64,22.54,21.31,22.17,10892800
2021-06-21,22.13,22.42,21.93,22.05,5415900
2021-06-22,22.21,22.3,21.72,21.89,3702100
2021-06-23,21.8,21.84,21.02,21.07,7469200
2021-06-24,20.98,21.23,20.66,20.82,4146700
2021-06-25,20.82,21.11,20.53,20.98,3732300
2021-06-28,20.94,21.72,20.82,21.64,6787100
2021-06-29,21.72,21.72,21.31,21.39,2988800
2021-06-30,21.39,21.39,21.02,21.02,2660800
2021-07-01,21.02,21.31,20.82,21.27,3660900
2021-07-02,21.39,21.39,20.9,20.9,4055600
2021-07-05,20.9,20.94,20.33,20.41,4773800
2021-07-06,20.49,20.49,19.02,19.02,5408200
2021-07-07,18.77,19.02,17.91,18.44,5843200
2021-07-08,18.85,19.67,18.73,19.02,4320900
2021-07-09,19.1,19.26,18.03,19.26,3355000
2021-07-12,18.93,18.93,17.95,18.69,5701400
2021-07-13,18.44,18.73,18.03,18.69,2159900
2021-07-14,18.61,19.26,18.2,18.65,3196900
2021-07-15,18.32,19.1,18.32,18.81,1987800
2021-07-16,18.81,19.51,18.77,19.39,4053500
2021-07-19,18.57,19.26,18.03,18.03,5933700
2021-07-20,18.11,18.44,17.3,18.28,3168200
2021-07-21,18.28,18.57,18.03,18.03,2280800
2021-07-22,17.99,19.26,17.83,19.26,7460500
2021-07-23,19.43,20.08,19.22,19.26,7147700
2021-07-26,19.1,20.49,19.02,20.2,6859300
2021-07-27,20.49,20.53,19.67,20.08,6942500
2021-07-28,20,20.9,19.92,20.45,7046200
2021-07-29,20.53,20.66,20.25,20.61,5504400
2021-07-30,20.66,21.43,20.57,20.98,8428600
2021-08-02,20.7,21.39,20.66,20.74,5280400
2021-08-03,20.78,21.27,20.61,21.19,7361000
2021-08-04,21.6,22.54,21.56,22.3,19655200
2021-08-05,22.3,23.07,22.17,22.75,10349700
2021-08-06,22.79,24.3,22.46,23.81,17865900
2021-08-09,24.02,25.33,23.98,25.25,14605800
2021-08-10,25.57,25.78,24.39,24.84,22463500
2021-08-11,24.84,25.29,24.34,25.08,15671800
2021-08-12,25.41,26.8,25.41,26.68,18911600
2021-08-13,26.23,28.36,25.33,27.87,15929400
2021-08-16,28.69,28.69,27.79,27.79,13009500
2021-08-17,27.42,27.5,26.35,26.35,17656000
2021-08-18,26.23,28.2,26.15,27.87,12154000
2021-08-19,28.28,28.93,28.28,28.52,7994000
2021-08-20,28.16,28.61,26.56,26.64,22874200
2021-08-23,26.43,27.46,25.9,26.6,13341300
2021-08-24,27.05,27.21,25,25.08,13581300
2021-08-25,25.25,26.8,25.08,26.8,9676500
2021-08-26,27.3,27.46,26.23,26.68,8716500
2021-08-27,26.23,28.28,26.15,27.62,17419500
2021-08-30,27.7,28.2,27.3,27.62,11127900
2021-08-31,27.7,29.18,27.46,28.61,18841000
2021-09-01,28.52,29.51,28.36,29.22,8905000
2021-09-06,29.47,29.71,28.57,28.61,12458200
2021-09-07,28.28,28.44,27.05,27.3,18877300
2021-09-08,27.09,27.91,27.09,27.54,6705600
2021-09-09,27.87,28.11,27.46,27.95,4133100
2021-09-10,28.11,28.11,27.54,27.62,6236900
2021-09-13,27.66,27.87,26.52,26.68,13771600
2021-09-14,26.48,27.01,25.49,26.02,11020500
2021-09-15,25.98,27.05,25.82,26.56,4802900
2021-09-16,26.93,27.21,26.6,27.13,5163400
2021-09-17,27.54,28.11,27.3,27.91,9864000
2021-09-20,27.42,27.79,26.23,26.23,11818300
2021-09-21,25.49,26.89,25.08,26.31,11863300
2021-09-22,26.48,26.8,26.07,26.39,4831000
2021-09-23,26.64,27.17,26.07,26.07,5532200
2021-09-24,26.07,26.35,25.9,25.9,4210900
2021-09-27,25.86,26.15,24.1,24.1,10003500
2021-09-28,23.77,25.41,23.61,25.41,8840600
2021-09-29,25.25,25.98,24.92,25.41,6735500
2021-09-30,25.66,26.23,25.37,25.41,3555400
2021-10-01,25.12,25.57,25,25,4461300
2021-10-04,25,25.74,24.18,24.63,6076600
2021-10-05,25,25.74,24.59,25.49,4583300
2021-10-06,26.15,27.25,25.82,27.25,12520700
2021-10-07,27.46,27.95,27.25,27.25,6183600
2021-10-08,27.7,28.28,27.38,27.54,7017700
2021-10-11,27.87,28.2,27.46,27.54,7767400
2021-10-12,27.75,28.85,27.5,28.52,11015900
2021-10-13,28.85,29.26,28.61,29.02,7369900
2021-10-14,29.34,30.74,29.26,30.66,13356200
2021-10-15,30.9,31.31,30.08,30.66,9412500
2021-10-18,30.78,31.48,30.78,31.27,8939900
2021-10-19,31.19,31.27,30.57,30.61,8316400
2021-10-20,30.53,32.21,30.53,31.43,9870500
2021-10-21,31.89,32.79,31.6,32.7,7651500
2021-10-22,33.2,34.96,32.83,34.92,10895300
2021-10-25,35.25,35.94,33.77,33.77,9600700
2021-10-26,33.77,35.61,33.11,35.49,12336200
2021-10-27,36.35,37.95,36.07,37.87,8077500
2021-10-28,38.52,40.16,38.36,40.16,6773800
2021-10-29,40.9,42.46,40.57,41.72,10850400
2021-11-01,41.72,44.59,40.82,44.59,11113000
2021-11-02,46.72,47.7,46.72,47.7,4217600
2021-11-03,50.98,50.98,44.43,44.43,22938300
2021-11-04,44.26,47.13,42.05,45.98,15810500
2021-11-05,47.54,48.2,45.49,45.57,6322900
2021-11-08,45.57,46.72,44.75,45.57,7357400
2021-11-09,45.16,47.95,44.84,47.54,8542000
2021-11-10,49.18,50.82,48.36,50.82,6260900
2021-11-11,53.11,54.34,51.23,54.34,8510700
2021-11-12,55,58.11,54.51,58.11,6613800
2021-11-15,58.85,61.89,54.1,55.74,12342900
2021-11-16,54.26,57.21,53.52,54.92,9677300
2021-11-17,54.59,55.74,54.1,55.08,5045600
2021-11-18,56.56,58.93,55.82,58.93,5072400
2021-11-19,62.3,62.3,55.08,57.38,8220000
2021-11-22,57.38,58.52,53.36,53.36,10200200
2021-11-23,49.67,53.11,49.67,50,13201500
2021-11-24,51.72,52.87,50,51.72,4730800
2021-11-25,52.54,55.33,52.54,55.33,2718000
2021-11-26,59.18,59.18,55.74,57.3,8802900
2021-11-29,56.56,58.85,55.82,57.46,4815600
2021-11-30,57.62,59.02,54.67,56.15,9366600
2021-12-01,55.66,55.66,53.44,53.61,6227400
2021-12-02,54.92,56.97,53.85,55.98,4803100
2021-12-03,56.8,58.52,53.28,53.28,5574400
2021-12-06,54.43,55.25,50.66,52.79,5764800
2021-12-07,53.85,56.15,51.64,55.74,4209800
2021-12-08,55.98,58.61,54.59,55.98,6444100
2021-12-09,55.98,57.3,55.98,56.89,3314100
2021-12-10,57.38,58.2,55.9,56.15,4534600
2021-12-13,56.15,60,55.74,60,9044000
2021-12-14,60.82,63.93,60.82,63.85,5154300
2021-12-15,67.21,67.21,65.16,66.8,5651900
2021-12-16,67.54,71.48,66.8,71.48,6229700
2021-12-17,74.43,76.23,71.31,74.59,8913300
2021-12-20,74.59,74.67,69.67,71.31,7237000
2021-12-21,70.9,76.23,69.67,76.23,6335000
2021-12-22,80.33,81.15,77.95,78.93,4751700
2021-12-23,79.02,79.1,73.44,73.44,10207800
2021-12-24,71.48,76.39,71.48,73.77,4147200
2021-12-27,74.59,78.93,73.36,78.93,4182600
2021-12-28,81.72,83.85,79.43,83.2,5198300
2021-12-29,84.43,85.66,78.52,79.51,4962500
2021-12-30,79.51,81.97,77.87,78.69,3465900
2021-12-31,79.51,80.82,77.87,79.26,3207500
2022-01-04,81.97,84.75,80.41,84.75,3536300
2022-01-05,90.66,90.66,86.89,90.66,5196200
2022-01-06,89.51,93.36,88.52,89.75,5140200
2022-01-07,91.07,95.98,88.52,95.98,4244200
2022-01-10,95,102.62,92.3,99.18,5006200
2022-01-11,94.26,98.2,92.21,98.2,5806500
2022-01-12,97.54,102.46,91.39,91.39,13756100
2022-01-13,91.8,95.08,85,85,6175500
2022-01-14,79.1,86.89,79.1,79.18,12905300
2022-01-17,81.72,81.89,73.69,73.69,8371300
2022-01-18,68.61,68.61,68.61,68.61,700800
2022-01-19,63.85,63.85,63.85,63.85,680900
2022-01-20,59.43,68.28,59.43,68.28,13033500
2022-01-21,73.03,73.03,68.28,73.03,8261400
2022-01-24,73.93,74.59,67.95,67.95,6567200
2022-01-25,63.2,70.57,63.2,68.85,7432700
2022-01-26,68.93,73.61,68.85,69.67,4680400
2022-01-27,69.67,70.49,64.84,64.84,3013300
2022-01-28,60.33,63.2,60.33,60.33,9074500
2022-02-07,61.07,63.11,56.15,56.15,5271400
2022-02-08,52.38,54.02,52.3,52.3,6680600
2022-02-09,48.69,55.9,48.69,55.9,10218600
2022-02-10,59.75,59.75,58.36,59.75,4090600
2022-02-11,58.2,61.39,56.56,56.56,4926000
2022-02-14,54.1,60.49,54.1,60.49,6599000
2022-02-15,61.31,64.67,60.66,64.67,4811200
2022-02-16,67.62,69.18,67.21,69.18,3266800
2022-02-17,71.48,72.95,68.85,70.25,7571800
2022-02-18,69.67,75.08,68.85,75,5543100
2022-02-21,77.05,80,75.66,77.87,4792200
2022-02-22,72.46,75.66,72.46,72.46,12212200
2022-02-23,73.77,77.05,72.46,76.23,6058000
2022-02-24,75.41,77.05,70.9,71.64,10818300
2022-02-25,74.02,75.33,72.21,72.21,4180300
2022-02-28,71.31,72.95,68.85,70.49,4523200
2022-03-01,70.57,75.41,70.49,75.41,7356500
2022-03-02,76.97,78.28,73.77,75.66,4674900
2022-03-03,76.23,77.46,75.41,76.56,3361900
2022-03-04,77.05,80.82,76.07,78.85,5264200
2022-03-07,79.43,79.92,76.23,77.13,4282300
2022-03-08,73.93,76.56,71.8,71.8,9470200
2022-03-09,72.79,72.95,67.46,72.21,6316400
2022-03-10,75.25,76.23,73.93,74.59,3015500
2022-03-11,73.36,74.59,70.9,72.13,3944800
2022-03-14,70.49,75.41,69.67,73.36,5620700
2022-03-15,75.41,75.57,73.77,74.84,3092200
2022-03-16,76.07,76.07,74.1,74.1,2939600
2022-03-17,74.59,75.82,74.51,75.08,2982400
2022-03-18,75.41,79.75,75,77.87,8715500
2022-03-21,78.69,83.28,78.61,83.28,5941800
2022-03-22,86.07,88.61,83.28,84.02,5213100
2022-03-23,84.02,87.7,82.79,87.05,4624200
2022-03-24,88.52,89.51,85.74,86.23,3746100
2022-03-25,86.23,87.3,83.61,83.61,5002400
2022-03-28,80.57,81.89,77.79,77.79,15773100
2022-03-29,79.51,83.2,79.1,83.2,4431900
2022-03-30,82.79,84.43,77.38,77.87,8157400
2022-03-31,78.2,79.67,74.59,75.82,4177200
2022-04-01,75.82,80.08,74.59,79.84,4855800
2022-04-04,81.89,81.97,77.87,77.87,4270500
2022-04-05,75.49,79.51,75.49,76.64,6003300
2022-04-06,75.41,76.23,71.31,71.31,13156200
2022-04-07,70.08,71.31,66.56,68.03,8675400
2022-04-08,68.11,69.67,67.21,68.52,4901100
2022-04-12,69.59,70.41,63.77,63.77,6089800
2022-04-13,64.75,65.16,59.51,65.16,9730800
2022-04-14,65.98,66.39,60.82,61.07,6108300
2022-04-15,59.51,60.57,56.8,56.8,9914000
2022-04-18,55.08,60,53.44,60,10012700
2022-04-19,60.98,61.89,59.02,59.18,6611100
2022-04-20,58.2,60.08,56.97,56.97,4799400
2022-04-21,53.03,56.56,53.03,53.03,10454900
2022-04-22,50.82,54.92,49.34,49.59,8680500
2022-04-25,50.82,51.48,46.15,46.15,7833700
2022-04-26,42.95,49.34,42.95,49.34,10288800
2022-04-27,50.57,52.79,45.98,52.79,10375100
2022-04-28,52.87,53.85,50.41,50.66,6421200
2022-04-29,50,54.1,50,53.28,7752100
2022-05-04,52.05,53.11,50,50,7016700
2022-05-05,51.15,51.39,46.64,47.62,7119400
2022-05-06,45.9,47.13,44.34,44.34,7020300
2022-05-09,43.03,43.36,41.31,41.31,8771200
2022-05-10,38.61,43.44,38.44,43.44,14106500
2022-05-11,45.08,46.48,41.39,46.48,11641300
2022-05-12,46.64,47.46,43.28,43.28,9288300
2022-05-13,43.03,43.03,40.29,40.29,12420600
2022-05-16,42.62,42.79,39.75,39.75,7130300
2022-05-17,39.75,42.46,39.34,42.46,6108200
2022-05-18,43.69,45.41,43.28,45.41,9176500
2022-05-19,43.77,46.07,43.77,45.41,6854900
2022-05-20,45.82,48.52,45.41,48.28,8215900
2022-05-23,48.52,48.69,44.92,44.92,9667200
2022-05-24,43.85,47.54,42.21,47.54,8674200
2022-05-25,48.28,50.41,46.97,49.26,7680300
2022-05-26,49.18,50.25,48.03,48.36,5243400
2022-05-27,48.36,50.82,47.95,49.34,6944200
2022-05-30,50,51.39,49.43,50.33,4998500
2022-05-31,50,51.39,48.93,49.51,7891700
2022-06-01,49.18,49.59,47.13,47.95,9351600
2022-06-02,47.95,49.02,45.49,45.66,8799600
2022-06-03,45.33,47.87,44.67,46.89,6547600
2022-06-06,47.46,47.46,43.61,43.61,6583300
2022-06-07,43.44,43.44,40.82,43.36,8167800
2022-06-08,43.85,46.39,43.69,45.08,5147800
2022-06-09,45.25,46.31,44.67,44.67,3018900
2022-06-10,43.85,44.59,42.62,42.62,5341900
2022-06-13,40.9,41.72,39.67,39.67,8268800
2022-06-14,38.52,40.57,36.97,36.97,6744800
2022-06-15,36.97,38.07,34.39,34.39,11625500
2022-06-16,35.25,36.02,32.01,32.01,9400600
2022-06-17,30.33,31.15,29.8,29.8,13824800
2022-06-20,29.51,30.7,27.75,27.75,9576900
2022-06-21,26.23,27.7,25.82,25.82,9522800
2022-06-22,26.64,27.62,25.74,27.62,9381300
2022-06-23,29.34,29.55,28.36,29.55,7562800
2022-06-24,29.96,31.52,28.73,28.73,11785600
2022-06-27,28.65,30.29,27.87,29.59,7919600
2022-06-28,30,31.64,29.51,31.64,7692800
2022-06-29,31.15,32.38,30.61,31.15,7551500
2022-06-30,31.07,31.27,28.98,29.02,11006100
2022-07-01,28.28,30.98,27.05,29.92,10675100
2022-07-04,30.57,31.15,29.84,30,4006100
2022-07-05,29.96,30.33,28.24,28.61,5039800
2022-07-06,27.91,30.29,27.91,28.61,7774500
2022-07-07,29.1,29.88,28.98,29.47,4664100
2022-07-08,30.33,31.52,30.04,31.52,17592700
2022-07-11,31.8,33.32,31.15,32.87,11810400
2022-07-12,33.4,35.16,33.4,35.16,7827700
2022-07-13,35.25,35.61,33.48,34.1,12115800
2022-07-14,33.65,35.41,33.65,34.75,7828700
2022-07-15,35.61,36.35,34.39,34.39,8695400
2022-07-18,34.43,34.88,32.05,32.5,16873900
2022-07-19,32.09,34.3,31.56,33.4,9137100
2022-07-20,34.26,35.16,33.61,34.43,10392600
2022-07-21,36.8,36.85,36.1,36.4,12848600
2022-07-22,36,36.55,35.6,35.7,6017800
2022-07-25,35,35.85,34.35,35.2,6768300
2022-07-26,35.5,36,35.1,35.1,4550600
2022-07-27,34.95,36.5,34.5,36.5,5391000
2022-07-28,37.65,39.05,37.35,38.95,14804200
2022-07-29,39,39.1,38.3,38.3,6789200
2022-08-01,38.45,40.1,38.45,39.55,6472200
2022-08-02,39.95,40.45,38.8,39.45,6159700
2022-08-03,38.5,39.6,38.5,39.5,8645000
2022-08-04,40.15,40.9,39.5,39.65,6926300
2022-08-05,39.5,41.3,39.3,41.05,8401900
2022-08-08,41.9,41.9,40.45,40.75,7035600
2022-08-09,40.9,41.55,40.35,40.95,5416600
2022-08-10,40.85,42.8,40.65,42.1,9908200
2022-08-11,42.6,42.7,39.5,40,12624900
2022-08-12,40,40.95,39.6,40.55,6583700
2022-08-15,41,41.15,40.25,40.7,5604000
2022-08-16,40.7,41.5,40.5,41.25,6431900
2022-08-17,41.35,42.8,41.1,41.2,11277600
2022-08-18,41,41.35,40.5,40.8,6327400
2022-08-19,40.8,41.5,40.2,40.7,6441900
2022-08-22,40.1,40.45,38,38.15,14506300
2022-08-23,37.55,40,37.55,40,7628500
2022-08-24,40.2,40.45,39.45,39.6,5231700
2022-08-25,39.6,40.6,39.4,40,6039400
2022-08-26,40.2,41,39.7,40.1,9010000
2022-08-29,39,39.8,38,39.8,9304600
2022-08-30,40,40.2,38,38,7561700
2022-08-31,37.2,38.55,37,38,9204300
2022-09-05,38,38.6,37.7,37.7,5268200
2022-09-06,37.8,38.85,37.65,38.5,6322700
2022-09-07,38.35,38.8,36.5,36.5,7796900
2022-09-08,37.2,37.3,35,35,8796700
2022-09-09,35.4,37,33,37,12071300
2022-09-12,37,37,36,36,4526300
2022-09-13,36,36,35,35.6,5019300
2022-09-14,34.5,36.2,34.5,35.6,8125100
2022-09-15,35.75,36.2,35.45,35.45,3709700
2022-09-16,35.2,35.3,33.65,33.7,8242600
2022-09-19,33.8,34,31.5,33,11066200
2022-09-20,33,33.5,32.1,33.05,5185300
2022-09-21,32.6,33.7,32.4,32.9,3782600
2022-09-22,32.5,33.45,32.5,33.15,4581400
2022-09-23,33,33.4,32.15,32.15,4695100
2022-09-26,31,31.9,29.9,31.9,18104400
2022-09-27,31.5,31.9,30,30.9,4925200
2022-09-28,30,31.35,29.6,30.8,7593900
2022-09-29,31.2,31.5,29.9,30,5295800
2022-09-30,29.5,29.7,27.9,29.7,13026800
2022-10-03,28.55,29.3,27.65,27.65,6420800
2022-10-04,27.5,28,25.8,26.95,13431400
2022-10-05,27.4,28.7,27.1,28.5,9020000
2022-10-06,28.5,28.55,26.7,27.3,8611500
2022-10-07,25.8,26.65,25.4,26.65,16525700
2022-10-10,24.9,26.55,24.85,26.5,9234100
2022-10-11,25.8,26.3,24.65,24.65,8799700
2022-10-12,23,25.5,22.95,24.7,12537500
2022-10-13,25,25.95,24.8,25.3,5794700
2022-10-14,25.85,26.3,25.5,25.55,6051100
2022-10-17,25,25.2,23.8,24.5,8391700
2022-10-18,25,26.2,24.7,26.2,11719300
2022-10-19,26.5,26.7,26.1,26.1,5436800
2022-10-20,25.9,26.25,25.25,25.3,5160700
2022-10-21,25.3,25.3,23.55,23.55,10090200
2022-10-24,23.3,23.5,21.95,21.95,4999500
2022-10-25,20.45,22.5,20.45,20.45,14021100
2022-10-26,19.6,20.4,19.05,19.05,7705800
2022-10-27,17.75,20.15,17.75,19.8,27040700
2022-10-28,20.4,21,19,19,10866100
2022-10-31,18.5,18.7,17.7,17.7,19026400
2022-11-01,18,18.9,17.9,18.9,17193100
2022-11-02,19,19.65,18.6,18.6,10306100
2022-11-03,17.55,18.8,17.55,17.8,12256200
2022-11-04,17.7,17.75,16.6,16.6,13199900
2022-11-07,15.45,15.45,15.45,15.45,2477300
2022-11-08,14.4,14.4,14.4,14.4,1242400
2022-11-09,13.4,15.15,13.4,13.4,57331500
2022-11-10,12.5,13.05,12.5,12.5,13218900
2022-11-11,12,12.75,11.65,11.65,19507200
2022-11-14,10.85,11.05,10.85,10.85,20547800
2022-11-15,10.1,10.1,10.1,10.1,1082300
2022-11-16,9.4,10.8,9.4,10.8,51935000
2022-11-17,10.95,11.55,10.95,11.15,16815800
2022-11-18,11.2,11.9,10.5,11.9,29358100
2022-11-21,12.7,12.7,12.45,12.7,29409600
2022-11-22,13.35,13.55,12.2,13,36518100
2022-11-23,12.7,13.1,12.1,12.1,18978100
2022-11-24,11.4,12.45,11.3,12.15,28696900
2022-11-25,12.6,13,12.3,13,20627600
2022-11-28,13.9,13.9,13.8,13.9,6090400
2022-11-29,14.85,14.85,13.6,14.8,45771000
2022-11-30,14.8,15.8,14.3,15.8,21464600
2022-12-01,16.9,16.9,15.3,16.9,30680400
2022-12-02,18,18.05,16.35,18.05,37004600
2022-12-05,19.15,19.3,18.35,19.3,18009300
2022-12-06,19.3,20.4,17.95,17.95,44242600
2022-12-07,17,17.9,16.7,16.7,26931500
2022-12-08,17.2,17.85,17.15,17.85,17111000
2022-12-09,18.7,19.05,17.6,19.05,22983000
2022-12-12,19.2,19.8,17.75,17.75,20850800
2022-12-13,17.25,18.45,16.55,18.45,28579700
2022-12-14,19,19,17.8,17.8,13165300
2022-12-15,17.45,18.45,17.05,18.2,13989900
2022-12-16,17.75,19,17.55,19,22309500
2022-12-19,19.3,19.7,18,18,19117600
2022-12-20,17.8,17.95,16.75,16.75,27125000
2022-12-21,17.2,17.2,15.6,15.6,18035800
2022-12-22,16.15,16.3,15.15,16.1,12998900
2022-12-23,16,16.5,15.7,15.85,6582800
2022-12-26,15.95,15.95,14.75,14.75,9105800
2022-12-27,14,14.6,13.9,14.2,9176900
2022-12-27,14.2,15.75,14.1,15.75,13935600
2022-12-28,16.15,16.3,15.5,15.7,9488200
2022-12-29,15.7,16.1,14.8,14.8,8422300
2022-12-30,15,15.1,14.3,14.3,6044400
2023-01-03,14.4,15.3,14.4,15.3,6305000
2023-01-04,15.7,16.15,15.6,15.7,11586000
2023-01-05,15.75,16.1,15.25,15.85,8350100
2023-01-06,15.8,16.15,15.1,15.1,9497200
2023-01-09,15.4,15.5,14.8,14.8,6428600
2023-01-10,14.9,15.3,14.45,15.1,5990500
2023-01-11,15.3,16,15.25,15.5,7319300
2023-01-12,15.7,15.7,15.2,15.2,4787500
2023-01-13,15.35,15.6,15.15,15.25,5968300
2023-01-16,15.25,15.3,14.9,14.9,5251200
2023-01-17,14.9,15.5,14.9,15.5,7543300
2023-01-18,15.8,16.55,15.6,16.55,13970400
2023-01-19,16.6,16.9,16.3,16.5,9266900
2023-01-27,16.8,16.95,16.15,16.15,9192900
2023-01-30,16.1,17.25,15.9,17,17889700
2023-01-31,17.1,17.5,16.85,17.5,13722400
2023-02-01,17.75,17.9,16.3,16.3,19788500
2023-02-02,16.35,16.5,15.3,15.6,13078700
2023-02-03,15.9,16.05,15.3,15.65,9380200
2023-02-06,15.5,16,15.25,15.9,5357700
2023-02-07,15.85,16,15,15,9213900
2023-02-08,15.1,15.3,14.3,14.95,8538700
2023-02-09,14.95,15.3,14.8,14.8,4938500
2023-02-10,14.85,14.85,14.1,14.2,7574400
2023-02-13,14,14,13.25,13.25,15149100
2023-02-14,13.25,13.5,13.1,13.25,4773100
2023-02-15,13.25,14.15,13.2,14,6964400
2023-02-16,14.25,14.35,13.9,14.2,4815300
2023-02-17,14.3,14.85,14.2,14.2,7747100
2023-02-20,14.4,15.15,14.4,15.15,12463900
2023-02-21,15.5,15.8,15.3,15.3,10776500
2023-02-22,14.95,15.2,14.3,14.3,11554000
2023-02-23,14.3,14.5,13.4,14.25,10161100
2023-02-24,14.3,14.45,13.75,13.8,4404800
2023-02-27,13.75,13.75,13.2,13.2,6986400
2023-02-28,13.4,13.65,13.3,13.5,4492300
2023-03-01,12.6,13,12.6,12.6,34561000
2023-03-02,12.6,13.1,12.5,12.6,6189000
2023-03-03,12.4,12.7,11.75,11.75,22838300
2023-03-06,12.2,12.55,12.1,12.55,12765400
2023-03-07,12.65,12.65,11.85,11.95,10806300
2023-03-08,11.7,12.4,11.7,12.2,8567400
2023-03-09,12.4,12.5,12.05,12.1,6709300
2023-03-10,11.9,12.05,11.75,11.8,9150400
2023-03-13,11.5,11.95,11.5,11.6,6801800
2023-03-14,11.6,11.7,10.85,11,11710100
2023-03-15,11.5,11.75,11.3,11.75,9494000
2023-03-16,11.7,12.2,11.5,12,12886200
2023-03-17,12.35,12.6,12.1,12.45,17506700
2023-03-20,12.3,12.5,11.7,11.7,10261400
2023-03-21,11.9,12.15,11.6,12.05,11349400
2023-03-22,12.4,12.6,12.2,12.2,10460800
2023-03-23,12.1,12.4,12.05,12.35,8955700
2023-03-24,12.6,13,12.4,12.8,18495500
2023-03-27,12.9,13.3,12.8,13.25,16542800
2023-03-28,13.5,13.55,12.9,12.9,14259900
2023-03-29,13,13.2,12.75,13.1,8042900
2023-03-30,13.5,13.5,12.95,12.95,10623500
2023-03-31,12.95,13.6,12.8,13.4,13796000
2023-04-03,14.1,14.4,13.95,14.4,20364100
2023-04-04,14.6,15.15,14.6,14.9,16534900
2023-04-05,14.75,15.4,14.65,15.35,18105800
2023-04-06,15.8,16.55,15.6,16.5,29345300
2023-04-07,16.2,17,15.95,17,27647400
2023-04-10,17.6,17.8,17.05,17.35,25900200
2023-04-11,17.05,17.5,16.2,17.25,39693100
2023-04-12,17.55,17.85,16.85,17.45,19738700
2023-04-13,17.5,17.95,17.05,17.4,23382100
2023-04-14,17.5,17.6,16.2,16.2,39681600
2023-04-17,16.2,16.35,15.8,16.1,13660500
2023-04-18,16.3,17.4,15.9,17.4,33217500
2023-04-19,17.75,17.95,17.1,17.2,23473600
2023-04-20,17.2,17.45,16.65,17.2,13865900
2023-04-21,17.2,17.75,16.95,17.25,18295000
2023-04-24,17.2,17.35,16.45,17.05,15553600
2023-04-25,17.15,17.4,16.2,16.25,21785300
2023-04-26,16.35,16.9,16.25,16.85,11570800
2023-04-27,16.95,17.9,16.9,17.5,32165900
2023-04-28,17.7,18.7,17.5,18.65,32818300
2023-05-04,18.7,19.6,18.5,18.85,28836900
2023-05-05,18.9,19.3,18.25,18.85,20736100
2023-05-08,19.4,19.4,18.4,18.65,27044000
2023-05-09,18.85,18.95,18.3,18.65,15382900
2023-05-10,18.5,19.5,18.5,19.25,20688900
2023-05-11,19.3,20.45,19.2,20.45,35151400
2023-05-12,20.5,20.75,20.3,20.6,17841700
2023-05-15,20.9,21.15,20.4,20.45,18132000
2023-05-16,20.25,20.95,20.2,20.9,18089600
2023-05-17,21.2,21.6,20.9,20.95,20507000
2023-05-18,20.85,20.95,19.7,19.8,24787200
2023-05-19,19.75,20.4,19,20.3,30064600
2023-05-22,20.8,20.8,20.2,20.45,12324800
2023-05-23,20.6,20.95,20.35,20.6,20641200
2023-05-24,20.7,21.45,20.7,20.85,26286800
2023-05-25,20.6,20.95,19.85,20.55,21191400
2023-05-26,20.55,21.15,20.25,20.8,15835400
2023-05-29,21.2,21.3,20.8,20.9,15832600
2023-05-30,21.3,21.7,20.85,20.95,27591400
2023-05-31,21.05,21.65,20.8,21.35,21736000
2023-06-01,21.55,22.25,21.5,22.15,23101000
2023-06-02,22.6,22.6,21.55,21.8,22620600
2023-06-05,21.95,22,21.2,21.2,24029000
2023-06-06,21.15,21.55,20.8,21.35,21346400
2023-06-07,21.25,22.2,21.25,22,24945900
2023-06-08,22.15,22.25,20.8,20.8,28200600
2023-06-09,20.9,21.15,19.8,20.9,29069500
2023-06-12,20.8,20.9,19.95,20.25,20145000
2023-06-13,20.55,21.25,20.2,20.95,23340100
2023-06-14,21.2,21.5,20.5,20.5,15125300
2023-06-15,20.5,20.7,20.3,20.55,9995900
2023-06-16,20.9,21.35,20.75,20.8,25058000
2023-06-19,21,21.65,20.7,21.2,21117800
2023-06-20,21.45,21.9,21.3,21.85,18877900
2023-06-21,21.9,21.95,21.45,21.7,22209800
2023-06-22,22.2,23.2,22.1,23.05,47760100
2023-06-23,23.05,23.15,22.6,22.8,21975700
2023-06-26,22.7,23.3,22,23.1,36668400
2023-06-27,23.3,23.3,22.7,22.85,18341100
2023-06-28,23.05,23.1,22.4,22.4,21499200
2023-06-29,22.2,22.3,21.1,21.1,48143500
2023-06-30,21,21.25,20.7,21.05,18187400
2023-07-03,21.2,21.35,20.8,20.9,11247800
2023-07-04,20.9,21.55,20.8,21.5,15187700
2023-07-05,21.7,21.75,21.25,21.25,10754900
2023-07-06,21.25,21.45,20.6,20.85,18180300
2023-07-07,20.75,20.9,20,20.8,16241100
2023-07-10,20.8,21.7,20.8,21.4,15646400
2023-07-11,21.6,21.7,21,21.1,15329900
2023-07-12,21.15,21.25,20.8,21.05,12768800
2023-07-13,21.2,22.3,21.05,22.1,35989400
2023-07-14,22.5,22.5,21.8,22.4,21468500
2023-07-17,22.65,23.7,22.6,23.15,47533300
2023-07-18,23.2,23.65,22.85,23.35,32297000
2023-07-19,23.65,23.85,22.9,22.95,39472800
2023-07-20,22.8,23.2,22.3,23.2,29010300
2023-07-21,23.2,24.8,23.15,24.8,41031700
2023-07-24,25.15,25.6,24.85,25,33705300
2023-07-25,25,25.75,24.8,25.6,40710200
2023-07-26,25.5,25.9,25.1,25.45,25404600
2023-07-27,25.45,26.2,25.15,26,46581400
2023-07-28,26,26.45,25.4,25.6,41099900
2023-07-31,25.4,26.1,24.85,26,37767400
2023-08-01,26.15,26.2,24.9,24.9,27815500
2023-08-02,24.9,25.55,24.8,25.3,17893800
2023-08-03,25.3,25.9,25.05,25.6,26836300
2023-08-04,26,27.2,25.7,26.9,36216600
2023-08-07,27.1,27.1,26.3,26.65,21489800
2023-08-08,26.65,26.75,26.05,26.2,24384800
2023-08-09,26,26.35,25.8,25.8,20421200
2023-08-10,25.8,26.4,25.7,25.75,19242400
2023-08-11,26,26.5,25.35,26.5,23064900
2023-08-14,27.05,28.15,26.9,27.5,32704600
2023-08-15,27.8,27.95,27.25,27.4,20538800
2023-08-16,27.45,28.5,26.9,28.5,31510400
2023-08-17,28.65,28.75,27.8,27.8,21741400
2023-08-18,27.5,27.75,25.9,25.9,50660100
2023-08-21,25.5,25.95,24.4,25.4,26433700
2023-08-22,25.4,25.7,24,25.4,23161200
2023-08-23,25.8,26.1,25.15,25.15,19639500
2023-08-24,25.25,26.9,25.1,26.9,33408000
2023-08-25,26.9,27.7,26.9,27,29418000
2023-08-28,27.05,27.7,26.8,27.7,20803600
2023-08-29,27.9,28.75,27.7,27.7,25713000
2023-08-30,27.8,28.65,27.45,28.5,30069600
2023-08-31,28.9,29.25,28.65,28.65,16999200
2023-09-05,28.8,29.4,28.65,28.95,17373700
2023-09-06,28.75,29.5,28.4,29.45,26747700
2023-09-07,29.65,30,29.1,29.35,21752500
2023-09-08,29.2,29.7,29.1,29.4,15447600
2023-09-11,29.5,29.6,27.8,27.8,33620700
2023-09-12,27.8,28.95,27.2,28.95,24147200
2023-09-13,29,29.45,28,28.4,24192500
2023-09-14,28.2,28.35,27.3,27.3,27447700
2023-09-15,27.45,27.85,27,27.2,17733400
2023-09-18,27,27.4,26.7,26.8,16821600
2023-09-19,27,27.5,26.45,27.4,19999200
2023-09-20,27.6,28.6,27.3,28.3,16497400
2023-09-21,28.4,28.4,27.5,27.5,17159600
2023-09-22,26.8,26.9,25.6,25.6,28828600
2023-09-25,25.5,25.9,23.85,23.85,26114100
2023-09-26,23.5,24.85,23.45,24.5,25379200
2023-09-27,24.5,25.5,23.55,25.5,17003500
2023-09-28,25.2,25.35,24.35,24.5,19590200
2023-09-29,24.95,25.2,24.65,25.1,17032800
2023-10-02,25.1,25.5,24.85,25.1,7942900
2023-10-03,24.6,24.65,23.35,23.35,27941600
2023-10-04,22,23.9,22,23.4,19183400
2023-10-05,23.6,23.85,21.8,21.8,18899600
2023-10-06,21.65,22.3,20.8,22.3,21901000
2023-10-09,22.25,23.3,22,23.15,14284400
2023-10-10,23.3,23.45,22.8,22.95,13881600
2023-10-11,22.95,23.4,22.25,23.4,14033000
2023-10-12,23.6,24.1,23.35,23.8,13867000
2023-10-13,23.2,24.2,22.85,23.7,15448800
2023-10-16,23.7,24.1,23.15,23.45,13597000
2023-10-17,23.7,23.7,21.85,21.85,11010300
2023-10-18,21.95,22.1,20.35,20.35,24315300
2023-10-19,20.2,20.5,19.05,19.05,23371600
2023-10-20,19.05,20.35,19.05,20.35,17629300
2023-10-23,20.45,21,20,20.05,15661500
2023-10-24,20.35,21.3,20.2,21.3,16056500
2023-10-25,21.4,21.7,21,21,19797300
2023-10-26,20.25,20.35,19.55,19.8,37078300
2023-10-27,20.25,21.15,19.8,21.15,23893600
2023-10-30,20.95,21.6,20.25,20.25,18924400
2023-10-31,20.5,21.2,20,20.2,24265600
2023-11-01,20.6,20.6,19.5,20.6,19774800
2023-11-02,21.05,22,20.9,22,26227800
2023-11-03,22.35,22.65,21.85,22.3,26869400
2023-11-06,22.55,22.8,22.1,22.8,14761800
2023-11-07,22.45,22.95,22.2,22.35,17969100
2023-11-08,22.4,23.9,22.35,23.9,26441000
2023-11-09,24.4,25.2,24.1,24.5,28703200
2023-11-10,24.15,25.9,24.15,24.4,35129600
2023-11-13,24.75,25.15,24.25,25,22517300
2023-11-14,25.35,25.5,24.5,24.75,18092200
2023-11-15,25.4,25.8,24.7,24.85,25530600
2023-11-16,24.6,26.1,24.6,26.1,28433000
2023-11-17,26.3,26.7,24.7,25.6,36148400
2023-11-20,25,26.3,24.7,26,21034000
2023-11-21,26.5,26.55,25.8,25.95,16102300
2023-11-22,25.9,26.8,25.8,26.6,25656100
2023-11-23,26.75,26.95,24.75,24.75,37517100
2023-11-24,25,25.1,23.5,25,34208000
2023-11-27,25.05,25.15,24.15,24.15,12984200
2023-11-28,24,24.65,23.55,24.5,18818000
2023-11-29,24.6,25.1,24.45,25.05,15253700
2023-11-30,25.05,25.5,24.7,24.7,16948400
2023-12-01,25.05,25.4,24.55,25.1,13467800
2023-12-04,25.6,26.85,25.55,26.55,28946500
2023-12-05,26.55,26.8,26.4,26.5,17811000
2023-12-06,26.5,27.4,26.2,27.25,23660000
2023-12-07,27.3,27.45,25.6,26.45,33278800
2023-12-08,26.55,27.1,26.1,26.75,24607100
2023-12-11,27,27,26,26.35,12432100
2023-12-12,26.5,26.7,26.3,26.35,11030400
2023-12-13,26.6,26.75,25.8,25.8,18992300
2023-12-14,26.25,26.25,25.1,25.1,16642400
2023-12-15,25.05,25.85,24.8,25.2,18783500
2023-12-18,25.5,25.9,25.3,25.45,9676600
2023-12-19,25.45,25.85,25.1,25.85,11754900
2023-12-20,26,26.1,25.7,25.8,6814300
2023-12-21,25.6,26.3,25.45,26.15,13706700
2023-12-22,26.2,26.45,25.8,25.8,9669100
2023-12-25,25.9,26.7,25.8,26.6,16740400
2023-12-26,26.8,26.95,26.45,26.75,16842400
2023-12-27,26.9,27.1,26.55,26.55,12903200
2023-12-28,26.6,27.2,26.55,26.7,18519400
2023-12-29,26.95,27,26.65,26.75,10736200
2024-01-02,27,27,25.95,26,20527800
2024-01-03,25.85,26.4,25.85,26.3,11793500
2024-01-04,26.3,27.15,26.15,26.5,25582200
2024-01-05,26.6,27.25,26.6,27.15,27632300
2024-01-08,27.5,28.2,27.45,27.75,31694300
2024-01-09,27.85,28,27.3,27.4,27019100
2024-01-10,27.4,27.5,26.65,26.8,23271800
2024-01-11,26.95,27.15,26.6,27.05,13921500
2024-01-12,26.7,26.8,26.1,26.35,30897600
2024-01-15,26.5,26.9,26.25,26.25,10934000
2024-01-16,26.1,26.8,26.05,26.8,10004600
2024-01-17,26.85,27.3,26.7,26.85,16298300
2024-01-18,27.15,27.4,26.9,27,17339200
2024-01-19,27.25,27.35,26.6,26.6,14230500
2024-01-22,26.7,27.2,26.4,27.15,18383700
2024-01-23,27.35,27.35,26.85,26.85,8125600
2024-01-24,26.85,27.15,26.75,26.85,10296100
2024-01-25,26.9,27.15,26.75,26.85,9445100
2024-01-26,26.95,27.45,26.9,26.95,12540400
2024-01-29,27.05,27.1,26.7,26.7,9100100
2024-01-30,26.8,27.1,26.8,26.95,9309500
2024-01-31,27.2,27.55,26.95,27.1,26054200
2024-02-01,27.2,27.7,27.15,27.4,16140100
2024-02-02,27.65,28.55,27.5,27.65,26331600
2024-02-05,27.8,27.85,27.3,27.55,16056100
2024-02-06,27.6,27.85,27.5,27.55,10125400
2024-02-07,27.6,27.65,27.25,27.3,18341400
2024-02-15,27.5,27.7,27.25,27.7,16420600
2024-02-16,28,28.4,27.8,27.85,25679100
2024-02-19,27.9,27.9,27.4,27.6,19153300
2024-02-20,27.7,27.95,27.4,27.5,15936300
2024-02-21,27.5,27.65,27.05,27.2,20435400
2024-02-22,27.2,27.3,27,27,12816100
2024-02-23,27.1,27.1,26,26.15,27786500
2024-02-26,26.2,26.55,26,26.45,13352200
2024-02-27,26.6,27.35,26.45,27.35,18912300
2024-02-28,27.5,27.5,26.85,27,13613400
2024-02-29,27.1,27.8,27,27.3,28065800
2024-03-01,27.5,27.7,27.3,27.55,13412300
2024-03-04,27.95,28.8,27.95,28.1,49273800
2024-03-05,28.15,28.3,27.7,27.85,19130700
2024-03-06,27.85,27.95,27.1,27.15,23821600
2024-03-07,27.1,27.5,26.7,27.35,28910200
2024-03-08,27.5,27.55,26.55,26.55,32128300
2024-03-11,26.55,26.8,26.05,26.2,18539000
2024-03-12,26.25,26.65,26.1,26.35,13972900
2024-03-13,26.55,27,26.35,27,14820100
2024-03-14,27.3,27.8,27,27.5,35281500
2024-03-15,27.65,29,27.55,28.5,69887600
2024-03-18,28.9,30.45,28.8,30.45,78932200
2024-03-19,30.95,30.95,29.9,29.9,28335800
2024-03-20,29.85,30.8,29.55,30.4,29500600
2024-03-21,30.9,32.1,29.9,31.7,44811900
2024-03-22,32,32.3,31.05,31.95,24601900
2024-03-25,31.85,33,31.7,32,25546500
2024-03-26,31.8,32.65,31.4,31.95,17271700
2024-03-27,32.05,33.5,31.75,32.75,22462300
2024-03-28,33,33.1,32.65,32.7,12618800
2024-03-29,32.7,32.8,32.05,32.2,16886600
2024-04-01,32.2,33.9,32.15,33.5,26743300
2024-04-02,33.15,33.8,32.7,33.6,18671400
2024-04-03,33.5,33.5,31.8,31.8,27588400
2024-04-04,32.2,33.4,31.7,32.2,31924800
2024-04-05,31.75,32.95,31.6,32,24872100
